EmployeeID,Name,Department,JobRole,Gender,Age,YearsAtCompany,MonthlySalary,PerformanceRating,WorkLifeBalanceScore,AttritionRisk,Attrition_Prob,Risk_Level,gaps_count,weighted_gap_score,coverage_pct,Top_Skill_Gap,Rec_Priority,Recommended_Tools
1,Steven Barnett,Finance,Auditor,Other,57,9,93531,4,1.9,No,0.0017,LOW,7,21.51,0.3,Active Listening,Critical,N/A (V2 requires sentence-transformers with valid GPU)
2,Christopher Benson,Sales,Sales Executive,Female,26,11,53706,1,5.03,Yes,0.9922,HIGH,5,18.49,0.5,Critical Thinking,Critical,N/A (V2 requires sentence-transformers with valid GPU)
3,Norman Lane,Support,Helpdesk,Other,59,15,105756,4,4.83,No,0.0013,LOW,7,26.49,0.3,Active Listening,Critical,N/A (V2 requires sentence-transformers with valid GPU)
4,Rita Walker,Hr,Hr Executive,Female,43,10,176377,4,4.6,No,0.0017,LOW,7,24.13,0.3,Reading Comprehension,Critical,N/A (V2 requires sentence-transformers with valid GPU)
5,Judith Ware,Sales,Account Manager,Male,52,6,154782,4,3.73,No,0.0008,LOW,6,20.37,0.4,Active Listening,Critical,N/A (V2 requires sentence-transformers with valid GPU)
6,Peggy Mann,Support,Helpdesk,Other,33,7,58647,3,2.37,No,0.0017,LOW,5,16.13,0.5,Writing,Critical,N/A (V2 requires sentence-transformers with valid GPU)
7,Brenda Bauer,It,Engineer,Male,55,7,70273,1,6.47,No,0.0192,LOW,7,25.49,0.3,Active Listening,Critical,N/A (V2 requires sentence-transformers with valid GPU)
8,Troy Ford,Hr,Hr Executive,Female,51,9,178909,3,-0.27,No,0.0071,LOW,7,26.12,0.3,Active Listening,Critical,N/A (V2 requires sentence-transformers with valid GPU)
9,Joel Fuller,Hr,Hr Executive,Male,32,15,51014,3,0.17,No,0.0079,LOW,6,23.37,0.4,Active Listening,Critical,N/A (V2 requires sentence-transformers with valid GPU)
10,Cody Bright,Finance,Accountant,Female,54,14,63726,2,2.63,Yes,0.9907,HIGH,6,20.25,0.4,Reading Comprehension,Critical,N/A (V2 requires sentence-transformers with valid GPU)
11,Sara Snyder,Hr,Hr Executive,Other,52,10,64215,3,7.43,No,0.0013,LOW,6,19.13,0.4,Critical Thinking,Critical,N/A (V2 requires sentence-transformers with valid GPU)
12,David Williams,Support,Helpdesk,Male,55,14,76960,5,6.87,No,0.0012,LOW,6,23.24,0.4,Active Listening,Critical,N/A (V2 requires sentence-transformers with valid GPU)
13,Shannon Clark,Finance,Accountant,Male,47,5,151391,4,5.07,No,0.0008,LOW,7,26.24,0.3,Active Listening,Critical,N/A (V2 requires sentence-transformers with valid GPU)
14,Jeffery Lopez,Hr,Hr Manager,Female,50,13,170862,4,8.43,No,0.0013,LOW,7,24.75,0.3,Active Listening,Critical,N/A (V2 requires sentence-transformers with valid GPU)
15,Anna Dominguez,It,Developer,Male,26,7,161974,3,8.3,No,0.0009,LOW,5,15.25,0.5,Reading Comprehension,Critical,N/A (V2 requires sentence-transformers with valid GPU)
16,Peter Mckee,Marketing,Seo Analyst,Female,43,5,164012,3,6.63,No,0.0008,LOW,6,19.87,0.4,Writing,Critical,N/A (V2 requires sentence-transformers with valid GPU)
17,Connie Bailey,Support,Support Engineer,Other,41,11,70403,3,5.67,No,0.0012,LOW,6,21.25,0.4,Active Listening,Critical,N/A (V2 requires sentence-transformers with valid GPU)
18,Taylor Morris,It,Tester,Female,39,15,173689,3,3.97,No,0.0018,LOW,7,25.0,0.3,Critical Thinking,Critical,N/A (V2 requires sentence-transformers with valid GPU)
19,Nicole Roberts,Support,Helpdesk,Male,47,15,122403,1,5.37,No,0.0092,LOW,5,19.12,0.5,Critical Thinking,Critical,N/A (V2 requires sentence-transformers with valid GPU)
20,Megan Williams,Support,Support Engineer,Other,23,10,65010,3,4.77,No,0.0011,LOW,5,18.25,0.5,Active Listening,Critical,N/A (V2 requires sentence-transformers with valid GPU)
21,Clinton Scott,Support,Support Engineer,Female,54,2,75646,3,4.83,No,0.0009,LOW,7,23.01,0.3,Writing,Critical,N/A (V2 requires sentence-transformers with valid GPU)
22,Erin Massey,Sales,Sales Executive,Other,60,14,130906,4,1.73,No,0.0013,LOW,5,18.24,0.5,Active Listening,Critical,N/A (V2 requires sentence-transformers with valid GPU)
23,Ashley Marsh,It,Tester,Male,42,6,176048,3,3.37,No,0.0009,LOW,5,18.49,0.5,Active Listening,Critical,N/A (V2 requires sentence-transformers with valid GPU)
24,Jasmine Gonzalez,It,Tester,Female,57,3,68060,2,-1.2,Yes,0.9981,HIGH,5,19.12,0.5,Active Listening,Critical,N/A (V2 requires sentence-transformers with valid GPU)
25,Sharon Lane,Marketing,Content Lead,Other,59,5,62282,4,2.17,No,0.0016,LOW,6,21.12,0.4,Active Listening,Critical,N/A (V2 requires sentence-transformers with valid GPU)
26,David Maldonado,Marketing,Seo Analyst,Other,28,2,89567,3,2.03,No,0.0016,LOW,5,15.0,0.5,Speaking,Critical,N/A (V2 requires sentence-transformers with valid GPU)
27,Sheryl Lopez,Sales,Sales Executive,Other,33,11,82449,4,0.63,No,0.0097,LOW,6,20.12,0.4,Active Listening,Critical,N/A (V2 requires sentence-transformers with valid GPU)
28,Patricia Jones,Marketing,Content Lead,Female,52,4,41883,2,4.17,No,0.0091,LOW,7,25.49,0.3,Active Listening,Critical,N/A (V2 requires sentence-transformers with valid GPU)
29,Samantha Conley,Finance,Accountant,Male,46,15,74577,3,0.77,No,0.0031,LOW,6,21.25,0.4,Active Listening,Critical,N/A (V2 requires sentence-transformers with valid GPU)
30,Matthew Gutierrez,Support,Support Engineer,Male,23,12,104549,4,-2.6,No,0.0098,LOW,6,22.24,0.4,Active Listening,Critical,N/A (V2 requires sentence-transformers with valid GPU)
31,Nicholas Duncan,It,Developer,Other,60,4,74638,4,1.53,No,0.0017,LOW,7,22.5,0.3,Reading Comprehension,Critical,N/A (V2 requires sentence-transformers with valid GPU)
32,Andrew Contreras,Marketing,Content Lead,Male,50,5,103189,3,5.4,No,0.0008,LOW,7,26.12,0.3,Active Listening,Critical,N/A (V2 requires sentence-transformers with valid GPU)
33,Ashley Hall,It,Tester,Male,43,12,41254,1,4.37,No,0.0383,LOW,6,20.88,0.4,Critical Thinking,Critical,N/A (V2 requires sentence-transformers with valid GPU)
34,Justin Lawrence,It,Engineer,Male,33,8,152027,3,4.87,No,0.0015,LOW,6,20.24,0.4,Active Listening,Critical,N/A (V2 requires sentence-transformers with valid GPU)
35,Jessica Jones,Marketing,Seo Analyst,Male,27,4,109614,4,5.8,No,0.0012,LOW,6,21.63,0.4,Critical Thinking,Critical,N/A (V2 requires sentence-transformers with valid GPU)
36,Maria Smith,Finance,Auditor,Male,32,7,38475,3,1.0,No,0.002,LOW,7,21.76,0.3,Active Listening,Critical,N/A (V2 requires sentence-transformers with valid GPU)
37,Bryan Garcia,Marketing,Content Lead,Male,43,6,72671,3,0.93,No,0.002,LOW,5,19.61,0.5,Active Listening,Critical,N/A (V2 requires sentence-transformers with valid GPU)
38,Breanna Chapman,Finance,Accountant,Male,58,15,34306,4,2.07,No,0.0023,LOW,6,22.37,0.4,Active Listening,Critical,N/A (V2 requires sentence-transformers with valid GPU)
39,William Meyer,Finance,Auditor,Other,22,14,73324,3,0.8,No,0.0023,LOW,7,21.64,0.3,Reading Comprehension,Critical,N/A (V2 requires sentence-transformers with valid GPU)
40,Matthew Maldonado,Finance,Auditor,Male,39,13,163576,3,5.93,No,0.0013,LOW,6,20.51,0.4,Reading Comprehension,Critical,N/A (V2 requires sentence-transformers with valid GPU)
41,Julia Cobb,Sales,Account Manager,Male,22,9,49953,3,7.2,No,0.001,LOW,6,22.0,0.4,Active Listening,Critical,N/A (V2 requires sentence-transformers with valid GPU)
42,Nicholas Oliver,Marketing,Content Lead,Female,41,6,108906,3,7.23,No,0.0009,LOW,6,21.12,0.4,Active Listening,Critical,N/A (V2 requires sentence-transformers with valid GPU)
43,Whitney Crosby,Marketing,Content Lead,Male,23,15,78457,5,4.6,No,0.0011,LOW,7,26.37,0.3,Critical Thinking,Critical,N/A (V2 requires sentence-transformers with valid GPU)
44,Carlos Wall,It,Engineer,Female,55,14,37533,4,0.6,No,0.0017,LOW,6,23.24,0.4,Active Listening,Critical,N/A (V2 requires sentence-transformers with valid GPU)
45,Jerry Walker,Finance,Accountant,Female,33,7,171225,4,0.57,No,0.0015,LOW,7,24.13,0.3,Critical Thinking,Critical,N/A (V2 requires sentence-transformers with valid GPU)
46,Charles Le,It,Developer,Male,21,9,101051,1,0.7,Yes,0.9983,HIGH,5,14.49,0.5,Active Listening,Critical,N/A (V2 requires sentence-transformers with valid GPU)
47,Amy Peterson PhD,Sales,Account Manager,Other,33,7,50654,4,-2.6,No,0.0015,LOW,6,19.01,0.4,Writing,Critical,N/A (V2 requires sentence-transformers with valid GPU)
48,Kimberly Campbell,Sales,Sales Executive,Other,22,7,71622,4,0.27,No,0.0014,LOW,6,21.25,0.4,Active Listening,Critical,N/A (V2 requires sentence-transformers with valid GPU)
49,Daniel Smith,Support,Helpdesk,Male,23,4,132390,4,4.53,No,0.0008,LOW,7,25.25,0.3,Active Listening,Critical,N/A (V2 requires sentence-transformers with valid GPU)
50,Steve Henry,It,Tester,Female,54,2,179351,3,-1.83,No,0.0071,LOW,6,21.0,0.4,Active Listening,Critical,N/A (V2 requires sentence-transformers with valid GPU)
51,John Logan,Sales,Sales Executive,Female,57,10,50691,4,2.43,No,0.0022,LOW,7,25.49,0.3,Active Listening,Critical,N/A (V2 requires sentence-transformers with valid GPU)
52,Thomas Ellis,Support,Support Engineer,Other,52,14,163863,4,-1.23,No,0.0099,LOW,5,17.37,0.5,Reading Comprehension,Critical,N/A (V2 requires sentence-transformers with valid GPU)
53,Amanda White,Marketing,Seo Analyst,Male,36,4,134280,5,9.1,No,0.0009,LOW,6,20.0,0.4,Critical Thinking,Critical,N/A (V2 requires sentence-transformers with valid GPU)
54,Nicholas Anderson,Finance,Auditor,Female,52,14,38519,2,6.47,No,0.0099,LOW,5,16.26,0.5,Writing,Critical,N/A (V2 requires sentence-transformers with valid GPU)
55,Cassandra Knight,Finance,Accountant,Female,35,4,153394,3,1.2,No,0.0021,LOW,7,26.12,0.3,Active Listening,Critical,N/A (V2 requires sentence-transformers with valid GPU)
56,Jessica Reeves,It,Developer,Male,48,7,42964,2,7.63,No,0.0072,LOW,5,15.37,0.5,Critical Thinking,Critical,N/A (V2 requires sentence-transformers with valid GPU)
57,Mikayla Black,It,Developer,Other,30,6,52745,1,4.47,No,0.03,LOW,7,21.37,0.3,Critical Thinking,Critical,N/A (V2 requires sentence-transformers with valid GPU)
58,Justin Wang,Support,Helpdesk,Other,34,13,37431,3,7.87,No,0.0012,LOW,6,21.24,0.4,Active Listening,Critical,N/A (V2 requires sentence-transformers with valid GPU)
59,Kevin Moreno,Marketing,Seo Analyst,Male,22,3,124008,4,-0.43,No,0.0015,LOW,7,25.63,0.3,Critical Thinking,Critical,N/A (V2 requires sentence-transformers with valid GPU)
60,John Lewis,Hr,Hr Executive,Male,48,8,128442,4,6.23,No,0.0009,LOW,7,25.37,0.3,Active Listening,Critical,N/A (V2 requires sentence-transformers with valid GPU)
61,Heather Sosa,Hr,Hr Manager,Other,57,10,137226,2,2.63,Yes,0.9987,HIGH,6,24.5,0.4,Active Listening,Critical,N/A (V2 requires sentence-transformers with valid GPU)
62,Phillip Hunter,It,Tester,Female,48,5,150377,4,3.23,No,0.0008,LOW,5,19.12,0.5,Critical Thinking,Critical,N/A (V2 requires sentence-transformers with valid GPU)
63,Courtney Ayala,Hr,Hr Manager,Female,27,13,161874,5,8.43,No,0.0013,LOW,6,21.5,0.4,Speaking,Critical,N/A (V2 requires sentence-transformers with valid GPU)
64,Tammy Ramirez,Support,Helpdesk,Female,32,6,39558,3,3.03,No,0.0036,LOW,6,20.37,0.4,Active Listening,Critical,N/A (V2 requires sentence-transformers with valid GPU)
65,James Morgan,Sales,Account Manager,Male,60,12,49620,3,3.53,No,0.0021,LOW,6,19.88,0.4,Critical Thinking,Critical,N/A (V2 requires sentence-transformers with valid GPU)
66,Cody Barker,Marketing,Content Lead,Female,34,4,86861,3,4.0,No,0.0015,LOW,7,23.88,0.3,Reading Comprehension,Critical,N/A (V2 requires sentence-transformers with valid GPU)
67,David Smith,Sales,Sales Executive,Female,22,2,155851,4,4.8,No,0.001,LOW,7,23.13,0.3,Reading Comprehension,Critical,N/A (V2 requires sentence-transformers with valid GPU)
68,Amber Church,Sales,Sales Executive,Female,21,14,72637,2,-0.7,Yes,0.9987,HIGH,5,16.88,0.5,Reading Comprehension,Critical,N/A (V2 requires sentence-transformers with valid GPU)
69,Tammy Perry,Sales,Account Manager,Female,26,13,151643,4,9.63,No,0.0013,LOW,5,18.37,0.5,Active Listening,Critical,N/A (V2 requires sentence-transformers with valid GPU)
70,Sherry Cox,Finance,Accountant,Female,37,10,155727,2,-0.2,Yes,0.9987,HIGH,5,18.25,0.5,Critical Thinking,Critical,N/A (V2 requires sentence-transformers with valid GPU)
71,John Turner,Hr,Hr Executive,Female,55,7,71487,5,6.2,No,0.0009,LOW,7,23.37,0.3,Active Listening,Critical,N/A (V2 requires sentence-transformers with valid GPU)
72,Brian Boyle,Marketing,Content Lead,Female,23,14,169631,4,8.5,No,0.0013,LOW,7,26.49,0.3,Active Listening,Critical,N/A (V2 requires sentence-transformers with valid GPU)
73,Peggy Hawkins,It,Developer,Male,29,4,56935,4,-2.03,No,0.0018,LOW,7,22.5,0.3,Critical Thinking,Critical,N/A (V2 requires sentence-transformers with valid GPU)
74,Jared Montgomery,Sales,Sales Executive,Female,32,2,68664,3,4.3,No,0.0012,LOW,5,19.61,0.5,Active Listening,Critical,N/A (V2 requires sentence-transformers with valid GPU)
75,Thomas Clark,It,Developer,Other,31,11,129732,4,3.87,No,0.002,LOW,6,18.11,0.4,Reading Comprehension,Critical,N/A (V2 requires sentence-transformers with valid GPU)
76,Kyle Moyer,Hr,Hr Manager,Female,21,11,36008,2,6.8,No,0.0099,LOW,6,21.0,0.4,Active Listening,Critical,N/A (V2 requires sentence-transformers with valid GPU)
77,Crystal Stevens,Sales,Sales Executive,Other,25,12,163071,4,5.83,No,0.0013,LOW,5,18.24,0.5,Active Listening,Critical,N/A (V2 requires sentence-transformers with valid GPU)
78,Austin Reynolds,Sales,Sales Executive,Other,26,3,44713,3,1.3,No,0.0015,LOW,5,18.0,0.5,Active Listening,Critical,N/A (V2 requires sentence-transformers with valid GPU)
79,Teresa Coleman,Marketing,Content Lead,Male,46,4,73718,4,7.33,No,0.0009,LOW,7,27.24,0.3,Active Listening,Critical,N/A (V2 requires sentence-transformers with valid GPU)
80,Maria Tucker,Hr,Hr Manager,Other,47,11,142815,2,3.63,Yes,0.9815,HIGH,7,26.0,0.3,Active Listening,Critical,N/A (V2 requires sentence-transformers with valid GPU)
81,Louis Mcknight,Support,Helpdesk,Male,43,11,82938,4,3.57,No,0.0011,LOW,6,20.88,0.4,Reading Comprehension,Critical,N/A (V2 requires sentence-transformers with valid GPU)
82,Jerry Jones,It,Engineer,Female,22,5,32356,2,6.33,No,0.0071,LOW,7,23.13,0.3,Critical Thinking,Critical,N/A (V2 requires sentence-transformers with valid GPU)
83,Erik Liu,It,Developer,Other,28,5,150136,4,1.47,No,0.0017,LOW,6,19.5,0.4,Critical Thinking,Critical,N/A (V2 requires sentence-transformers with valid GPU)
84,Cynthia Fritz,Finance,Auditor,Female,51,4,103550,3,3.57,No,0.0008,LOW,5,14.13,0.5,Critical Thinking,Critical,N/A (V2 requires sentence-transformers with valid GPU)
85,Phillip Hayes,Sales,Sales Executive,Other,31,5,145121,2,1.73,Yes,0.9981,HIGH,7,25.37,0.3,Active Listening,Critical,N/A (V2 requires sentence-transformers with valid GPU)
86,Jenny Lee,Sales,Sales Executive,Male,54,8,152976,3,5.23,No,0.0008,LOW,5,16.37,0.5,Critical Thinking,Critical,N/A (V2 requires sentence-transformers with valid GPU)
87,Jonathan Oliver,Support,Support Engineer,Male,44,5,43063,3,7.5,No,0.0009,LOW,7,25.12,0.3,Active Listening,Critical,N/A (V2 requires sentence-transformers with valid GPU)
88,Cynthia Bradley,Marketing,Content Lead,Male,30,12,33987,4,3.13,No,0.0015,LOW,6,23.24,0.4,Active Listening,Critical,N/A (V2 requires sentence-transformers with valid GPU)
89,David Johnson,Marketing,Seo Analyst,Female,44,11,145588,3,1.13,No,0.0026,LOW,7,24.75,0.3,Active Listening,Critical,N/A (V2 requires sentence-transformers with valid GPU)
90,Joan Smith,Finance,Auditor,Other,32,2,43235,3,0.4,No,0.0051,LOW,7,21.51,0.3,Critical Thinking,Critical,N/A (V2 requires sentence-transformers with valid GPU)
91,Richard Fuller,It,Tester,Other,60,4,56904,3,2.63,No,0.0016,LOW,7,25.37,0.3,Active Listening,Critical,N/A (V2 requires sentence-transformers with valid GPU)
92,Spencer Kennedy,Finance,Accountant,Female,26,2,62833,5,7.5,No,0.0009,LOW,6,19.13,0.4,Active Listening,Critical,N/A (V2 requires sentence-transformers with valid GPU)
93,Daniel Williams,Sales,Account Manager,Other,22,4,133108,3,6.47,No,0.0009,LOW,5,19.49,0.5,Critical Thinking,Critical,N/A (V2 requires sentence-transformers with valid GPU)
94,Bonnie Robinson,Support,Helpdesk,Male,35,5,65954,3,2.93,No,0.0009,LOW,6,21.0,0.4,Active Listening,Critical,N/A (V2 requires sentence-transformers with valid GPU)
95,Amy Bowers,Support,Support Engineer,Female,58,7,99805,4,4.97,No,0.0008,LOW,5,18.36,0.5,Active Listening,Critical,N/A (V2 requires sentence-transformers with valid GPU)
96,Cody Jackson,Marketing,Content Lead,Female,43,14,156104,3,9.6,No,0.0013,LOW,6,21.0,0.4,Active Listening,Critical,N/A (V2 requires sentence-transformers with valid GPU)
97,Darlene Neal,Hr,Hr Manager,Female,34,3,115105,3,2.2,No,0.0016,LOW,7,26.0,0.3,Active Listening,Critical,N/A (V2 requires sentence-transformers with valid GPU)
98,Joshua Garcia,Marketing,Content Lead,Female,52,10,77462,3,2.6,No,0.0017,LOW,6,20.37,0.4,Active Listening,Critical,N/A (V2 requires sentence-transformers with valid GPU)
99,Peggy French,Hr,Hr Executive,Female,58,12,136059,4,6.8,No,0.0011,LOW,6,23.24,0.4,Active Listening,Critical,N/A (V2 requires sentence-transformers with valid GPU)
100,Sean Davis DDS,Sales,Account Manager,Male,29,6,152981,3,5.7,No,0.0009,LOW,7,25.25,0.3,Reading Comprehension,Critical,N/A (V2 requires sentence-transformers with valid GPU)
101,Denise Rush,Hr,Hr Manager,Other,43,11,107081,3,-1.03,No,0.0094,LOW,6,21.88,0.4,Active Listening,Critical,N/A (V2 requires sentence-transformers with valid GPU)
102,Matthew Glenn,Hr,Hr Executive,Female,30,14,172259,5,-1.27,No,0.0021,LOW,7,26.49,0.3,Active Listening,Critical,N/A (V2 requires sentence-transformers with valid GPU)
103,Kathleen Reed,Sales,Account Manager,Female,51,11,50979,4,-0.37,No,0.0093,LOW,5,17.88,0.5,Critical Thinking,Critical,N/A (V2 requires sentence-transformers with valid GPU)
104,Samuel Fletcher,Support,Support Engineer,Female,27,9,98130,4,4.27,No,0.0009,LOW,5,18.24,0.5,Active Listening,Critical,N/A (V2 requires sentence-transformers with valid GPU)
105,Debra Holt,Marketing,Seo Analyst,Other,59,7,117953,3,2.03,No,0.0016,LOW,5,19.63,0.5,Active Listening,Critical,N/A (V2 requires sentence-transformers with valid GPU)
106,Jennifer Roberts,Finance,Accountant,Female,31,7,149459,2,1.4,Yes,0.9982,HIGH,5,17.49,0.5,Critical Thinking,Critical,N/A (V2 requires sentence-transformers with valid GPU)
107,Kaitlyn Kramer,It,Developer,Other,33,13,68241,5,5.8,No,0.0012,LOW,7,20.61,0.3,Reading Comprehension,Critical,N/A (V2 requires sentence-transformers with valid GPU)
108,Paul Kennedy,Hr,Hr Executive,Female,51,7,47360,4,4.57,No,0.0008,LOW,7,24.13,0.3,Active Listening,Critical,N/A (V2 requires sentence-transformers with valid GPU)
109,Joshua Eaton,Support,Support Engineer,Other,49,7,126122,4,5.67,No,0.0008,LOW,7,23.37,0.3,Critical Thinking,Critical,N/A (V2 requires sentence-transformers with valid GPU)
110,David Guerrero,It,Developer,Other,33,13,77857,4,6.43,No,0.0012,LOW,5,14.62,0.5,Reading Comprehension,Critical,N/A (V2 requires sentence-transformers with valid GPU)
111,Brian Wilson,Support,Helpdesk,Male,53,4,50520,3,0.57,No,0.0069,LOW,5,18.0,0.5,Critical Thinking,Critical,N/A (V2 requires sentence-transformers with valid GPU)
112,Alexis Petty,It,Engineer,Male,49,15,113247,1,1.7,Yes,0.9988,HIGH,6,19.88,0.4,Critical Thinking,Critical,N/A (V2 requires sentence-transformers with valid GPU)
113,David Matthews,It,Developer,Male,39,11,74074,3,1.6,No,0.0013,LOW,7,21.24,0.3,Critical Thinking,Critical,N/A (V2 requires sentence-transformers with valid GPU)
114,Melissa Snyder,Support,Helpdesk,Male,59,2,152599,4,3.77,No,0.0015,LOW,7,26.12,0.3,Active Listening,Critical,N/A (V2 requires sentence-transformers with valid GPU)
115,Dan Sullivan,Sales,Account Manager,Male,33,3,156093,3,9.83,No,0.0009,LOW,5,19.12,0.5,Active Listening,Critical,N/A (V2 requires sentence-transformers with valid GPU)
116,Christine Burton,Support,Helpdesk,Other,22,15,153900,3,6.3,No,0.0013,LOW,5,16.37,0.5,Active Listening,Critical,N/A (V2 requires sentence-transformers with valid GPU)
117,Daniel Thomas,Marketing,Seo Analyst,Other,43,13,168316,2,4.03,Yes,0.9944,HIGH,7,25.0,0.3,Active Listening,Critical,N/A (V2 requires sentence-transformers with valid GPU)
118,Paige Ortiz,Hr,Hr Executive,Female,52,12,31840,2,-0.8,Yes,0.9987,HIGH,5,19.37,0.5,Active Listening,Critical,N/A (V2 requires sentence-transformers with valid GPU)
119,Brett Booth,Finance,Auditor,Female,31,3,44728,3,7.63,No,0.0009,LOW,5,16.76,0.5,Reading Comprehension,Critical,N/A (V2 requires sentence-transformers with valid GPU)
120,Christopher Stone,Sales,Sales Executive,Other,59,15,144337,3,-0.67,No,0.0099,LOW,6,23.12,0.4,Critical Thinking,Critical,N/A (V2 requires sentence-transformers with valid GPU)
121,Larry Craig,It,Developer,Male,45,12,78575,2,-1.47,Yes,0.9987,HIGH,7,21.87,0.3,Reading Comprehension,Critical,N/A (V2 requires sentence-transformers with valid GPU)
122,William Lee,Support,Support Engineer,Male,59,11,121058,3,5.2,No,0.0013,LOW,6,21.25,0.4,Active Listening,Critical,N/A (V2 requires sentence-transformers with valid GPU)
123,Vicki Young,Finance,Auditor,Female,49,7,151344,4,3.93,No,0.0008,LOW,7,21.51,0.3,Active Listening,Critical,N/A (V2 requires sentence-transformers with valid GPU)
124,Tara Lloyd,It,Engineer,Female,44,3,67225,3,6.5,No,0.0009,LOW,5,18.36,0.5,Active Listening,Critical,N/A (V2 requires sentence-transformers with valid GPU)
125,Elizabeth Hunt,Finance,Accountant,Female,22,10,172135,4,7.83,No,0.0013,LOW,5,19.0,0.5,Critical Thinking,Critical,N/A (V2 requires sentence-transformers with valid GPU)
126,Jennifer Perkins,It,Developer,Male,60,8,91931,3,6.23,No,0.0009,LOW,6,18.24,0.4,Critical Thinking,Critical,N/A (V2 requires sentence-transformers with valid GPU)
127,Amanda Martin,Sales,Sales Executive,Female,25,14,89066,3,8.37,No,0.0012,LOW,7,24.49,0.3,Active Listening,Critical,N/A (V2 requires sentence-transformers with valid GPU)
128,Michelle Christensen,Hr,Hr Executive,Other,47,5,72561,3,2.43,No,0.0012,LOW,5,18.0,0.5,Active Listening,Critical,N/A (V2 requires sentence-transformers with valid GPU)
129,Christina Romero,Support,Support Engineer,Female,56,8,68809,4,1.37,No,0.0068,LOW,6,20.37,0.4,Active Listening,Critical,N/A (V2 requires sentence-transformers with valid GPU)
130,Leah Smith,It,Tester,Female,35,7,93279,5,7.27,No,0.0009,LOW,6,19.25,0.4,Critical Thinking,Critical,N/A (V2 requires sentence-transformers with valid GPU)
131,Kenneth Jacobs,Support,Helpdesk,Female,27,10,55650,3,7.53,No,0.0017,LOW,7,24.25,0.3,Active Listening,Critical,N/A (V2 requires sentence-transformers with valid GPU)
132,Robert Smith,Hr,Hr Executive,Other,59,7,74552,5,6.97,No,0.0009,LOW,6,21.49,0.4,Active Listening,Critical,N/A (V2 requires sentence-transformers with valid GPU)
133,Jamie Morgan,Finance,Auditor,Other,55,6,145869,5,4.77,No,0.0013,LOW,6,17.5,0.4,Critical Thinking,Critical,N/A (V2 requires sentence-transformers with valid GPU)
134,Shaun Diaz,Hr,Hr Manager,Male,45,11,148129,3,5.03,No,0.0012,LOW,6,23.5,0.4,Active Listening,Critical,N/A (V2 requires sentence-transformers with valid GPU)
135,Christy Sanders,Marketing,Content Lead,Female,38,14,44652,3,5.2,No,0.0011,LOW,5,18.25,0.5,Critical Thinking,Critical,N/A (V2 requires sentence-transformers with valid GPU)
136,Gerald Simmons,Marketing,Seo Analyst,Male,39,2,178756,5,2.6,No,0.0016,LOW,6,20.0,0.4,Active Listening,Critical,N/A (V2 requires sentence-transformers with valid GPU)
137,Nathaniel Bryant II,Finance,Auditor,Female,56,9,110538,3,3.1,No,0.0016,LOW,7,21.51,0.3,Reading Comprehension,Critical,N/A (V2 requires sentence-transformers with valid GPU)
138,Krista Kennedy,It,Engineer,Female,40,12,39286,4,3.43,No,0.0011,LOW,7,23.88,0.3,Critical Thinking,Critical,N/A (V2 requires sentence-transformers with valid GPU)
139,Amanda Smith,It,Developer,Male,30,4,55595,4,7.03,No,0.0009,LOW,7,21.25,0.3,Critical Thinking,Critical,N/A (V2 requires sentence-transformers with valid GPU)
140,Dawn Burnett,Sales,Account Manager,Other,56,3,168010,5,0.77,No,0.005,LOW,5,16.25,0.5,Critical Thinking,Critical,N/A (V2 requires sentence-transformers with valid GPU)
141,Linda Hernandez,It,Tester,Other,50,10,71526,2,4.03,Yes,0.9946,HIGH,6,21.37,0.4,Critical Thinking,Critical,N/A (V2 requires sentence-transformers with valid GPU)
142,Joshua Shaw,Sales,Account Manager,Male,23,7,152981,4,8.07,No,0.0009,LOW,6,21.37,0.4,Critical Thinking,Critical,N/A (V2 requires sentence-transformers with valid GPU)
143,Timothy Andrade,Support,Helpdesk,Other,51,6,60483,3,2.97,No,0.0008,LOW,5,17.12,0.5,Active Listening,Critical,N/A (V2 requires sentence-transformers with valid GPU)
144,Kelsey Nichols,Sales,Account Manager,Other,53,4,37564,3,8.0,No,0.0009,LOW,6,22.25,0.4,Reading Comprehension,Critical,N/A (V2 requires sentence-transformers with valid GPU)
145,Garrett Garcia,Support,Support Engineer,Male,52,4,103473,3,7.8,No,0.0009,LOW,5,16.0,0.5,Reading Comprehension,Critical,N/A (V2 requires sentence-transformers with valid GPU)
146,John Brown,Hr,Hr Manager,Male,43,14,98618,3,8.63,No,0.0013,LOW,7,26.38,0.3,Active Listening,Critical,N/A (V2 requires sentence-transformers with valid GPU)
147,Brian Foster,Sales,Account Manager,Other,28,10,69768,4,4.47,No,0.0024,LOW,6,21.13,0.4,Speaking,Critical,N/A (V2 requires sentence-transformers with valid GPU)
148,Daniel Lam,Sales,Account Manager,Other,32,11,124262,4,2.3,No,0.0013,LOW,6,22.49,0.4,Active Listening,Critical,N/A (V2 requires sentence-transformers with valid GPU)
149,Antonio Myers,Support,Support Engineer,Female,48,11,31181,3,3.43,No,0.0021,LOW,7,25.25,0.3,Active Listening,Critical,N/A (V2 requires sentence-transformers with valid GPU)
150,Mary Fowler,Marketing,Content Lead,Male,48,10,139956,3,3.0,No,0.0022,LOW,5,18.0,0.5,Reading Comprehension,Critical,N/A (V2 requires sentence-transformers with valid GPU)
151,David Wright,Hr,Hr Executive,Other,34,6,53489,3,0.9,No,0.002,LOW,5,19.0,0.5,Critical Thinking,Critical,N/A (V2 requires sentence-transformers with valid GPU)
152,Nancy Jones,Sales,Account Manager,Other,34,5,123313,4,4.1,No,0.0008,LOW,5,18.49,0.5,Active Listening,Critical,N/A (V2 requires sentence-transformers with valid GPU)
153,Robert Stone,It,Tester,Other,52,4,34410,4,8.07,No,0.0009,LOW,5,18.12,0.5,Active Listening,Critical,N/A (V2 requires sentence-transformers with valid GPU)
154,Kelli Ashley,Marketing,Seo Analyst,Male,54,9,35504,4,0.67,No,0.0016,LOW,7,23.0,0.3,Reading Comprehension,Critical,N/A (V2 requires sentence-transformers with valid GPU)
155,Austin Middleton,Hr,Hr Executive,Other,41,8,47809,4,-0.73,No,0.0015,LOW,6,19.13,0.4,Active Listening,Critical,N/A (V2 requires sentence-transformers with valid GPU)
156,Aaron Franklin,It,Developer,Male,33,2,152793,3,1.67,No,0.0016,LOW,6,20.13,0.4,Critical Thinking,Critical,N/A (V2 requires sentence-transformers with valid GPU)
157,Robert Sweeney,Hr,Hr Executive,Male,51,8,144222,4,2.73,No,0.0015,LOW,6,22.24,0.4,Critical Thinking,Critical,N/A (V2 requires sentence-transformers with valid GPU)
158,James Scott,Marketing,Content Lead,Female,55,7,122095,4,7.0,No,0.0009,LOW,5,17.12,0.5,Active Listening,Critical,N/A (V2 requires sentence-transformers with valid GPU)
159,Stephen Harris,Support,Support Engineer,Other,60,13,176852,5,4.9,No,0.0013,LOW,6,19.88,0.4,Critical Thinking,Critical,N/A (V2 requires sentence-transformers with valid GPU)
160,Bryan Brown,Sales,Sales Executive,Male,51,15,138076,3,7.1,No,0.0011,LOW,7,26.37,0.3,Active Listening,Critical,N/A (V2 requires sentence-transformers with valid GPU)
161,James Harrison,Support,Helpdesk,Male,53,2,166057,3,0.57,No,0.007,LOW,6,23.24,0.4,Active Listening,Critical,N/A (V2 requires sentence-transformers with valid GPU)
162,Tracy Peterson,Finance,Accountant,Female,35,4,81547,4,1.1,No,0.0017,LOW,7,24.12,0.3,Active Listening,Critical,N/A (V2 requires sentence-transformers with valid GPU)
163,Juan Garcia,Hr,Hr Executive,Female,47,8,78148,5,7.33,No,0.0009,LOW,6,21.25,0.4,Reading Comprehension,Critical,N/A (V2 requires sentence-transformers with valid GPU)
164,Carrie Huber,Hr,Hr Manager,Female,25,5,57534,3,1.7,No,0.0016,LOW,7,24.5,0.3,Speaking,Critical,N/A (V2 requires sentence-transformers with valid GPU)
165,Craig Rodgers,It,Tester,Other,60,15,77413,2,4.6,Yes,0.9925,HIGH,7,24.13,0.3,Reading Comprehension,Critical,N/A (V2 requires sentence-transformers with valid GPU)
166,Jonathan Jones,It,Tester,Female,31,2,143831,3,6.6,No,0.0009,LOW,7,23.25,0.3,Active Listening,Critical,N/A (V2 requires sentence-transformers with valid GPU)
167,Miss Erin Campbell,Hr,Hr Manager,Female,28,3,126163,3,7.13,No,0.0009,LOW,7,26.5,0.3,Active Listening,Critical,N/A (V2 requires sentence-transformers with valid GPU)
168,Brian Thomas,Hr,Hr Executive,Other,34,5,151729,3,3.0,No,0.0015,LOW,5,17.13,0.5,Reading Comprehension,Critical,N/A (V2 requires sentence-transformers with valid GPU)
169,Joshua Crawford,Support,Support Engineer,Other,33,10,44773,3,7.63,No,0.0012,LOW,7,26.49,0.3,Active Listening,Critical,N/A (V2 requires sentence-transformers with valid GPU)
170,Rebecca Thomas,Sales,Account Manager,Female,60,5,115425,1,-2.17,Yes,0.9982,HIGH,5,17.49,0.5,Active Listening,Critical,N/A (V2 requires sentence-transformers with valid GPU)
171,Olivia Villarreal,Marketing,Seo Analyst,Other,60,13,52297,5,2.03,No,0.0023,LOW,5,15.75,0.5,Active Listening,Critical,N/A (V2 requires sentence-transformers with valid GPU)
172,Mr. Ricardo Compton DDS,Hr,Hr Manager,Female,22,12,166881,3,8.63,No,0.0013,LOW,6,21.62,0.4,Speaking,Critical,N/A (V2 requires sentence-transformers with valid GPU)
173,Cory Preston,Support,Support Engineer,Female,39,13,38986,1,6.23,No,0.0099,LOW,7,25.12,0.3,Active Listening,Critical,N/A (V2 requires sentence-transformers with valid GPU)
174,Teresa Kirk,Marketing,Content Lead,Other,43,13,172355,4,2.77,No,0.0023,LOW,5,17.49,0.5,Critical Thinking,Critical,N/A (V2 requires sentence-transformers with valid GPU)
175,Rachel Long,Marketing,Seo Analyst,Other,51,2,43852,4,-0.13,No,0.0016,LOW,6,22.0,0.4,Active Listening,Critical,N/A (V2 requires sentence-transformers with valid GPU)
176,Michael Wallace,Support,Helpdesk,Male,24,9,134669,3,0.4,No,0.0074,LOW,7,25.0,0.3,Active Listening,Critical,N/A (V2 requires sentence-transformers with valid GPU)
177,Ian Malone,Support,Helpdesk,Male,59,2,126177,1,5.5,No,0.0277,LOW,5,16.88,0.5,Reading Comprehension,Critical,N/A (V2 requires sentence-transformers with valid GPU)
178,Mark Rodriguez,Sales,Account Manager,Male,49,15,47221,4,6.93,No,0.0013,LOW,5,18.0,0.5,Reading Comprehension,Critical,N/A (V2 requires sentence-transformers with valid GPU)
179,Ashley Owen,Marketing,Seo Analyst,Other,34,9,88315,2,2.77,Yes,0.9977,HIGH,5,17.12,0.5,Active Listening,Critical,N/A (V2 requires sentence-transformers with valid GPU)
180,Barbara Stokes,Support,Helpdesk,Male,49,14,139006,2,1.07,Yes,0.9938,HIGH,7,24.37,0.3,Active Listening,Critical,N/A (V2 requires sentence-transformers with valid GPU)
181,Veronica Chapman,Support,Helpdesk,Other,30,4,124984,3,6.6,No,0.0009,LOW,6,23.61,0.4,Active Listening,Critical,N/A (V2 requires sentence-transformers with valid GPU)
182,Emily Gonzalez,Support,Support Engineer,Other,51,11,48033,3,8.07,No,0.0012,LOW,6,23.24,0.4,Active Listening,Critical,N/A (V2 requires sentence-transformers with valid GPU)
183,Colton Weaver,Sales,Account Manager,Female,28,8,176131,3,3.73,No,0.0009,LOW,7,24.37,0.3,Active Listening,Critical,N/A (V2 requires sentence-transformers with valid GPU)
184,Samuel Boyd,Finance,Auditor,Other,58,11,83089,2,4.87,No,0.009,LOW,7,21.63,0.3,Reading Comprehension,Critical,N/A (V2 requires sentence-transformers with valid GPU)
185,Sarah Bennett,Sales,Sales Executive,Female,33,3,65067,4,2.3,No,0.0078,LOW,5,18.25,0.5,Critical Thinking,Critical,N/A (V2 requires sentence-transformers with valid GPU)
186,Jane Carroll,It,Developer,Other,29,11,35093,4,0.43,No,0.0023,LOW,6,17.74,0.4,Reading Comprehension,Critical,N/A (V2 requires sentence-transformers with valid GPU)
187,Zachary Guzman,Support,Support Engineer,Female,33,4,161083,3,4.3,No,0.0008,LOW,6,21.37,0.4,Reading Comprehension,Critical,N/A (V2 requires sentence-transformers with valid GPU)
188,Michael Martin,Support,Support Engineer,Male,26,14,142521,4,4.57,No,0.002,LOW,5,17.0,0.5,Critical Thinking,Critical,N/A (V2 requires sentence-transformers with valid GPU)
189,Julie Stafford,Finance,Accountant,Other,55,4,98836,2,1.0,Yes,0.9983,HIGH,6,23.12,0.4,Active Listening,Critical,N/A (V2 requires sentence-transformers with valid GPU)
190,Dylan Hansen MD,Finance,Auditor,Other,23,9,36596,5,2.33,No,0.001,LOW,7,21.51,0.3,Reading Comprehension,Critical,N/A (V2 requires sentence-transformers with valid GPU)
191,Michael Rangel,Hr,Hr Executive,Male,25,3,79311,4,4.87,No,0.0009,LOW,5,18.12,0.5,Active Listening,Critical,N/A (V2 requires sentence-transformers with valid GPU)
192,Bryan Brock,It,Engineer,Other,51,6,177547,3,-0.47,No,0.0069,LOW,6,22.25,0.4,Critical Thinking,Critical,N/A (V2 requires sentence-transformers with valid GPU)
193,Alison Cunningham,Support,Support Engineer,Male,51,6,139711,5,-2.47,No,0.0015,LOW,6,21.25,0.4,Critical Thinking,Critical,N/A (V2 requires sentence-transformers with valid GPU)
194,Sarah Lawson,Finance,Auditor,Female,23,14,133661,4,3.17,No,0.002,LOW,5,17.63,0.5,Reading Comprehension,Critical,N/A (V2 requires sentence-transformers with valid GPU)
195,Patrick Daniels,Support,Helpdesk,Other,55,8,119959,3,4.13,No,0.0021,LOW,6,20.12,0.4,Critical Thinking,Critical,N/A (V2 requires sentence-transformers with valid GPU)
196,Kimberly Perkins,Hr,Hr Manager,Male,29,13,41236,4,-0.23,No,0.0021,LOW,6,22.25,0.4,Active Listening,Critical,N/A (V2 requires sentence-transformers with valid GPU)
197,John Thomas,Hr,Hr Executive,Male,36,5,60667,4,7.37,No,0.0009,LOW,6,22.61,0.4,Active Listening,Critical,N/A (V2 requires sentence-transformers with valid GPU)
198,Frank Smith,Finance,Accountant,Male,57,11,85219,4,5.17,No,0.0012,LOW,7,24.25,0.3,Critical Thinking,Critical,N/A (V2 requires sentence-transformers with valid GPU)
199,Christopher Cooper,It,Tester,Male,22,8,113299,2,6.23,No,0.0072,LOW,6,19.25,0.4,Active Listening,Critical,N/A (V2 requires sentence-transformers with valid GPU)
200,Kelly Jackson,It,Engineer,Other,35,4,73218,2,1.87,Yes,0.9983,HIGH,7,26.36,0.3,Active Listening,Critical,N/A (V2 requires sentence-transformers with valid GPU)
201,Alexandra Johnson,Finance,Accountant,Other,51,10,166935,5,1.77,No,0.0013,LOW,7,24.37,0.3,Active Listening,Critical,N/A (V2 requires sentence-transformers with valid GPU)
202,Leslie Zimmerman,Finance,Accountant,Female,21,10,149268,5,4.33,No,0.0021,LOW,5,17.88,0.5,Reading Comprehension,Critical,N/A (V2 requires sentence-transformers with valid GPU)
203,Paul Murray,Marketing,Seo Analyst,Female,24,2,167109,3,3.1,No,0.0011,LOW,7,23.88,0.3,Critical Thinking,Critical,N/A (V2 requires sentence-transformers with valid GPU)
204,Shannon Hall,Hr,Hr Executive,Female,23,5,44615,5,4.67,No,0.0008,LOW,6,23.24,0.4,Active Listening,Critical,N/A (V2 requires sentence-transformers with valid GPU)
205,Eric Mitchell,Marketing,Content Lead,Female,40,6,174938,3,-0.93,No,0.0071,LOW,6,21.0,0.4,Critical Thinking,Critical,N/A (V2 requires sentence-transformers with valid GPU)
206,Erica Murphy,Sales,Sales Executive,Male,55,9,141609,4,4.73,No,0.0009,LOW,7,26.12,0.3,Active Listening,Critical,N/A (V2 requires sentence-transformers with valid GPU)
207,David Bradford,Support,Helpdesk,Male,48,2,143395,2,-0.2,Yes,0.991,HIGH,6,22.36,0.4,Active Listening,Critical,N/A (V2 requires sentence-transformers with valid GPU)
208,William Lopez MD,Support,Support Engineer,Male,48,6,91560,4,-1.07,No,0.0015,LOW,7,24.12,0.3,Active Listening,Critical,N/A (V2 requires sentence-transformers with valid GPU)
209,David Salas,Sales,Account Manager,Female,42,2,178594,3,9.03,No,0.0009,LOW,6,21.49,0.4,Active Listening,Critical,N/A (V2 requires sentence-transformers with valid GPU)
210,Sean Wilcox,Sales,Sales Executive,Other,49,12,136861,3,4.3,No,0.005,LOW,6,22.49,0.4,Active Listening,Critical,N/A (V2 requires sentence-transformers with valid GPU)
211,Tommy Rios,Finance,Auditor,Female,48,7,70640,2,4.73,No,0.0064,LOW,6,18.26,0.4,Reading Comprehension,Critical,N/A (V2 requires sentence-transformers with valid GPU)
212,Peter Wilson,Sales,Account Manager,Male,60,15,86918,5,-1.17,No,0.0021,LOW,6,19.25,0.4,Critical Thinking,Critical,N/A (V2 requires sentence-transformers with valid GPU)
213,William Welch,Sales,Sales Executive,Female,27,7,87099,3,4.2,No,0.0008,LOW,7,24.12,0.3,Active Listening,Critical,N/A (V2 requires sentence-transformers with valid GPU)
214,Austin Bradford,Sales,Account Manager,Other,52,8,33037,3,5.4,No,0.0009,LOW,6,20.13,0.4,Active Listening,Critical,N/A (V2 requires sentence-transformers with valid GPU)
215,Veronica White,Hr,Hr Manager,Female,38,8,143214,5,-1.87,No,0.0015,LOW,7,26.25,0.3,Active Listening,Critical,N/A (V2 requires sentence-transformers with valid GPU)
216,Zachary Smith,Marketing,Seo Analyst,Female,30,3,168202,5,4.27,No,0.0009,LOW,5,18.0,0.5,Critical Thinking,Critical,N/A (V2 requires sentence-transformers with valid GPU)
217,David King,It,Engineer,Other,25,15,151301,4,-1.2,No,0.002,LOW,5,20.12,0.5,Active Listening,Critical,N/A (V2 requires sentence-transformers with valid GPU)
218,Kathryn Pham,It,Developer,Male,35,3,32158,4,5.0,No,0.0008,LOW,7,22.63,0.3,Critical Thinking,Critical,N/A (V2 requires sentence-transformers with valid GPU)
219,Kevin Flores,Finance,Auditor,Other,42,2,122405,3,4.13,No,0.0008,LOW,5,16.88,0.5,Reading Comprehension,Critical,N/A (V2 requires sentence-transformers with valid GPU)
220,Mike Myers,Support,Support Engineer,Female,39,2,33150,4,6.07,No,0.0008,LOW,5,19.12,0.5,Critical Thinking,Critical,N/A (V2 requires sentence-transformers with valid GPU)
221,Karen Newton,Sales,Sales Executive,Other,55,13,70445,2,3.17,Yes,0.9982,HIGH,7,24.13,0.3,Critical Thinking,Critical,N/A (V2 requires sentence-transformers with valid GPU)
222,Kimberly Richardson,Marketing,Content Lead,Female,24,6,173731,4,0.23,No,0.0015,LOW,5,16.0,0.5,Active Listening,Critical,N/A (V2 requires sentence-transformers with valid GPU)
223,Beth Rivera,Hr,Hr Executive,Female,26,9,35989,3,5.8,No,0.001,LOW,7,23.88,0.3,Reading Comprehension,Critical,N/A (V2 requires sentence-transformers with valid GPU)
224,Carlos Garrison,Sales,Account Manager,Other,26,14,87882,3,2.6,No,0.0032,LOW,7,25.0,0.3,Critical Thinking,Critical,N/A (V2 requires sentence-transformers with valid GPU)
225,Michael Stevenson,Sales,Sales Executive,Other,44,9,125274,1,1.07,Yes,0.9985,HIGH,5,19.12,0.5,Critical Thinking,Critical,N/A (V2 requires sentence-transformers with valid GPU)
226,Christopher Vance,Finance,Auditor,Female,32,6,69596,3,4.23,No,0.0008,LOW,6,20.26,0.4,Reading Comprehension,Critical,N/A (V2 requires sentence-transformers with valid GPU)
227,Michael Simon,Support,Helpdesk,Male,21,4,150477,3,2.17,No,0.0078,LOW,6,21.13,0.4,Reading Comprehension,Critical,N/A (V2 requires sentence-transformers with valid GPU)
228,Connie White,Support,Support Engineer,Other,39,2,147300,3,2.8,No,0.0073,LOW,5,15.88,0.5,Critical Thinking,Critical,N/A (V2 requires sentence-transformers with valid GPU)
229,Eugene Hammond,Hr,Hr Manager,Male,28,6,137113,3,7.2,No,0.0009,LOW,6,20.62,0.4,Reading Comprehension,Critical,N/A (V2 requires sentence-transformers with valid GPU)
230,Robert Hunter,Finance,Auditor,Other,54,9,43249,4,5.87,No,0.0009,LOW,5,14.5,0.5,Active Listening,Critical,N/A (V2 requires sentence-transformers with valid GPU)
231,Lisa Hubbard,Finance,Accountant,Female,27,11,35448,4,-1.33,No,0.0021,LOW,5,18.25,0.5,Active Listening,Critical,N/A (V2 requires sentence-transformers with valid GPU)
232,Deborah Stephens,Hr,Hr Manager,Other,56,12,122891,4,3.03,No,0.0012,LOW,7,25.25,0.3,Active Listening,Critical,N/A (V2 requires sentence-transformers with valid GPU)
233,Sandra Jordan,It,Developer,Female,24,6,42837,4,2.37,No,0.0017,LOW,5,15.12,0.5,Reading Comprehension,Critical,N/A (V2 requires sentence-transformers with valid GPU)
234,Thomas Rogers,Finance,Accountant,Female,29,13,74702,3,5.17,No,0.0013,LOW,6,19.25,0.4,Reading Comprehension,Critical,N/A (V2 requires sentence-transformers with valid GPU)
235,William Schneider,Hr,Hr Executive,Female,38,14,112040,3,2.1,No,0.0023,LOW,6,20.24,0.4,Active Listening,Critical,N/A (V2 requires sentence-transformers with valid GPU)
236,Alicia Colon PhD,Finance,Accountant,Female,35,11,170493,3,5.6,No,0.0013,LOW,5,18.0,0.5,Critical Thinking,Critical,N/A (V2 requires sentence-transformers with valid GPU)
237,Justin Sanchez,Sales,Account Manager,Male,42,2,44817,3,4.03,No,0.0008,LOW,6,22.24,0.4,Active Listening,Critical,N/A (V2 requires sentence-transformers with valid GPU)
238,Andrew Coleman,Support,Support Engineer,Female,56,2,39070,3,5.27,No,0.0008,LOW,5,16.25,0.5,Reading Comprehension,Critical,N/A (V2 requires sentence-transformers with valid GPU)
239,James Hall,Finance,Auditor,Female,32,3,107827,3,2.17,No,0.0009,LOW,7,24.14,0.3,Reading Comprehension,Critical,N/A (V2 requires sentence-transformers with valid GPU)
240,Daniel Walton,It,Developer,Female,44,5,170873,2,4.37,No,0.0068,LOW,5,16.0,0.5,Critical Thinking,Critical,N/A (V2 requires sentence-transformers with valid GPU)
241,Noah Williams,Support,Helpdesk,Other,55,10,162151,3,5.87,No,0.0013,LOW,5,17.13,0.5,Critical Thinking,Critical,N/A (V2 requires sentence-transformers with valid GPU)
242,Alicia Baker,Marketing,Content Lead,Female,42,12,170095,5,9.27,No,0.0013,LOW,6,19.13,0.4,Critical Thinking,Critical,N/A (V2 requires sentence-transformers with valid GPU)
243,Mr. Walter Cardenas,Support,Support Engineer,Female,50,13,155425,3,6.23,No,0.0013,LOW,5,17.12,0.5,Active Listening,Critical,N/A (V2 requires sentence-transformers with valid GPU)
244,Robert Avila,Support,Helpdesk,Other,56,2,75142,3,5.0,No,0.0008,LOW,5,17.37,0.5,Reading Comprehension,Critical,N/A (V2 requires sentence-transformers with valid GPU)
245,John Lee,Sales,Sales Executive,Other,25,8,156837,2,1.17,Yes,0.9983,HIGH,7,24.25,0.3,Critical Thinking,Critical,N/A (V2 requires sentence-transformers with valid GPU)
246,Sarah Shelton,Finance,Accountant,Female,26,6,32981,3,-2.17,No,0.007,LOW,5,16.25,0.5,Reading Comprehension,Critical,N/A (V2 requires sentence-transformers with valid GPU)
247,Reginald Perez,It,Engineer,Male,39,13,171542,3,0.0,No,0.0091,LOW,6,20.25,0.4,Reading Comprehension,Critical,N/A (V2 requires sentence-transformers with valid GPU)
248,Tammy Anderson,It,Engineer,Female,23,12,164893,2,3.63,Yes,0.982,HIGH,5,17.12,0.5,Critical Thinking,Critical,N/A (V2 requires sentence-transformers with valid GPU)
249,Daniel Medina,Hr,Hr Executive,Other,49,13,123450,3,4.5,No,0.0013,LOW,7,23.13,0.3,Critical Thinking,Critical,N/A (V2 requires sentence-transformers with valid GPU)
250,Jessica Nunez,It,Developer,Male,24,6,99973,5,9.0,No,0.0009,LOW,6,20.51,0.4,Critical Thinking,Critical,N/A (V2 requires sentence-transformers with valid GPU)
251,Matthew Rowe,Finance,Accountant,Other,22,11,71184,3,1.37,No,0.0021,LOW,6,19.88,0.4,Reading Comprehension,Critical,N/A (V2 requires sentence-transformers with valid GPU)
252,Patrick Armstrong,Support,Helpdesk,Male,56,4,169664,4,-0.6,No,0.0068,LOW,5,18.37,0.5,Active Listening,Critical,N/A (V2 requires sentence-transformers with valid GPU)
253,Thomas Moore,Marketing,Seo Analyst,Female,50,6,102015,3,6.57,No,0.001,LOW,6,21.63,0.4,Active Listening,Critical,N/A (V2 requires sentence-transformers with valid GPU)
254,Shannon Green,It,Engineer,Female,42,11,83883,2,4.63,No,0.0104,LOW,6,21.13,0.4,Active Listening,Critical,N/A (V2 requires sentence-transformers with valid GPU)
255,Daniel Miller,Sales,Sales Executive,Male,44,11,59968,4,0.93,No,0.0021,LOW,7,24.49,0.3,Active Listening,Critical,N/A (V2 requires sentence-transformers with valid GPU)
256,Megan Johnson,Hr,Hr Manager,Male,56,15,146542,4,1.2,No,0.0024,LOW,6,21.75,0.4,Speaking,Critical,N/A (V2 requires sentence-transformers with valid GPU)
257,Samantha Hill,Finance,Accountant,Other,54,6,91897,1,-2.63,Yes,0.9981,HIGH,7,25.0,0.3,Active Listening,Critical,N/A (V2 requires sentence-transformers with valid GPU)
258,Laurie Martinez,Hr,Hr Executive,Female,58,9,178781,4,1.77,No,0.0014,LOW,6,22.37,0.4,Active Listening,Critical,N/A (V2 requires sentence-transformers with valid GPU)
259,Jade Stephens,Finance,Auditor,Female,26,5,109535,3,5.83,No,0.0009,LOW,7,22.01,0.3,Reading Comprehension,Critical,N/A (V2 requires sentence-transformers with valid GPU)
260,Andrew Clark,Hr,Hr Manager,Female,37,4,165808,4,3.7,No,0.0015,LOW,7,24.87,0.3,Reading Comprehension,Critical,N/A (V2 requires sentence-transformers with valid GPU)
261,Alexis Flores,Marketing,Seo Analyst,Male,32,3,84858,3,5.27,No,0.0009,LOW,6,21.63,0.4,Active Listening,Critical,N/A (V2 requires sentence-transformers with valid GPU)
262,Erin Gonzalez,It,Tester,Female,60,2,77093,2,0.7,Yes,0.9982,HIGH,7,23.13,0.3,Reading Comprehension,Critical,N/A (V2 requires sentence-transformers with valid GPU)
263,Timothy Li,It,Engineer,Female,55,7,131743,2,4.3,Yes,0.9916,HIGH,5,18.37,0.5,Active Listening,Critical,N/A (V2 requires sentence-transformers with valid GPU)
264,Mark Ford,Finance,Auditor,Male,55,11,134434,3,2.57,No,0.0023,LOW,6,17.63,0.4,Active Listening,Critical,N/A (V2 requires sentence-transformers with valid GPU)
265,Christopher Mejia,Hr,Hr Executive,Male,24,9,136945,4,1.9,No,0.0017,LOW,5,18.25,0.5,Critical Thinking,Critical,N/A (V2 requires sentence-transformers with valid GPU)
266,Andrea Bolton,Marketing,Content Lead,Female,43,7,135916,3,6.77,No,0.0008,LOW,5,17.25,0.5,Critical Thinking,Critical,N/A (V2 requires sentence-transformers with valid GPU)
267,Noah Gray,Support,Support Engineer,Male,57,12,93082,3,2.6,No,0.0013,LOW,7,25.25,0.3,Critical Thinking,Critical,N/A (V2 requires sentence-transformers with valid GPU)
268,Tommy Castillo,Marketing,Content Lead,Male,29,2,65014,3,8.13,No,0.0009,LOW,5,17.24,0.5,Active Listening,Critical,N/A (V2 requires sentence-transformers with valid GPU)
269,Carolyn Freeman,Hr,Hr Executive,Other,30,4,112960,2,6.13,No,0.0072,LOW,7,25.0,0.3,Active Listening,Critical,N/A (V2 requires sentence-transformers with valid GPU)
270,Kaitlyn Wheeler,Hr,Hr Executive,Other,52,8,132414,3,3.83,No,0.0008,LOW,5,17.25,0.5,Critical Thinking,Critical,N/A (V2 requires sentence-transformers with valid GPU)
271,Melissa Bryant,Finance,Accountant,Other,35,5,143004,3,8.3,No,0.0009,LOW,6,22.37,0.4,Critical Thinking,Critical,N/A (V2 requires sentence-transformers with valid GPU)
272,Dr. Kelly Porter DDS,Marketing,Content Lead,Male,56,6,54712,1,3.33,No,0.0286,LOW,5,19.25,0.5,Reading Comprehension,Critical,N/A (V2 requires sentence-transformers with valid GPU)
273,Mark Reynolds,Sales,Account Manager,Male,30,7,153348,5,3.63,No,0.0014,LOW,7,24.0,0.3,Active Listening,Critical,N/A (V2 requires sentence-transformers with valid GPU)
274,Nicholas Garza,It,Tester,Male,55,10,174508,3,5.33,No,0.0013,LOW,7,24.37,0.3,Active Listening,Critical,N/A (V2 requires sentence-transformers with valid GPU)
275,James Singh,Hr,Hr Manager,Female,26,6,144116,4,3.47,No,0.0015,LOW,5,20.63,0.5,Active Listening,Critical,N/A (V2 requires sentence-transformers with valid GPU)
276,Laura Russell,It,Engineer,Male,56,6,159885,1,6.73,No,0.0089,LOW,6,23.12,0.4,Active Listening,Critical,N/A (V2 requires sentence-transformers with valid GPU)
277,Mr. Timothy Ray DDS,Sales,Account Manager,Female,27,15,169508,4,6.1,No,0.0013,LOW,5,19.36,0.5,Active Listening,Critical,N/A (V2 requires sentence-transformers with valid GPU)
278,Steven Moreno,Sales,Sales Executive,Male,38,2,177664,2,1.7,Yes,0.9983,HIGH,5,17.0,0.5,Critical Thinking,Critical,N/A (V2 requires sentence-transformers with valid GPU)
279,George Ingram,Sales,Account Manager,Male,21,10,47481,3,5.0,No,0.0013,LOW,6,22.49,0.4,Critical Thinking,Critical,N/A (V2 requires sentence-transformers with valid GPU)
280,Jason Leach,Finance,Auditor,Other,46,3,30120,4,3.9,No,0.0008,LOW,7,21.51,0.3,Critical Thinking,Critical,N/A (V2 requires sentence-transformers with valid GPU)
281,Norma Gardner,Sales,Account Manager,Other,50,7,142858,4,3.0,No,0.001,LOW,7,24.13,0.3,Critical Thinking,Critical,N/A (V2 requires sentence-transformers with valid GPU)
282,Theresa Morgan,Finance,Accountant,Female,31,15,105734,3,3.97,No,0.0017,LOW,5,17.25,0.5,Reading Comprehension,Critical,N/A (V2 requires sentence-transformers with valid GPU)
283,Nicholas Klein,Hr,Hr Manager,Other,51,13,162145,2,-0.27,Yes,0.9987,HIGH,5,19.25,0.5,Active Listening,Critical,N/A (V2 requires sentence-transformers with valid GPU)
284,Taylor West,Support,Helpdesk,Other,24,13,46636,2,3.07,Yes,0.9984,HIGH,7,25.25,0.3,Active Listening,Critical,N/A (V2 requires sentence-transformers with valid GPU)
285,Alexandra Hill,Support,Helpdesk,Male,32,15,170728,3,2.43,No,0.011,LOW,6,22.25,0.4,Reading Comprehension,Critical,N/A (V2 requires sentence-transformers with valid GPU)
286,Matthew Clark,Sales,Sales Executive,Female,27,11,133923,4,2.4,No,0.0013,LOW,6,21.37,0.4,Active Listening,Critical,N/A (V2 requires sentence-transformers with valid GPU)
287,Gabriella Smith,It,Developer,Other,57,4,79891,5,1.97,No,0.0009,LOW,6,18.87,0.4,Critical Thinking,Critical,N/A (V2 requires sentence-transformers with valid GPU)
288,Valerie Turner,Marketing,Seo Analyst,Female,21,13,58705,3,-1.07,No,0.0093,LOW,5,16.0,0.5,Critical Thinking,Critical,N/A (V2 requires sentence-transformers with valid GPU)
289,Ricky Morgan,Marketing,Content Lead,Male,22,10,119161,4,5.43,No,0.0013,LOW,5,19.24,0.5,Active Listening,Critical,N/A (V2 requires sentence-transformers with valid GPU)
290,Amy Lynch,Sales,Sales Executive,Female,38,3,122362,3,4.77,No,0.0012,LOW,6,21.37,0.4,Critical Thinking,Critical,N/A (V2 requires sentence-transformers with valid GPU)
291,Michael White,It,Developer,Other,57,8,122097,3,4.97,No,0.0012,LOW,6,18.75,0.4,Reading Comprehension,Critical,N/A (V2 requires sentence-transformers with valid GPU)
292,Stephanie Smith,Sales,Sales Executive,Other,53,9,99804,3,4.3,No,0.0061,LOW,5,19.37,0.5,Active Listening,Critical,N/A (V2 requires sentence-transformers with valid GPU)
293,William Norman,Hr,Hr Manager,Female,21,8,68709,4,-0.1,No,0.0015,LOW,6,21.5,0.4,Active Listening,Critical,N/A (V2 requires sentence-transformers with valid GPU)
294,Ricky Clark,Hr,Hr Manager,Female,29,8,73431,5,0.5,No,0.0015,LOW,7,25.12,0.3,Reading Comprehension,Critical,N/A (V2 requires sentence-transformers with valid GPU)
295,Melvin Edwards,Support,Helpdesk,Male,45,2,152937,5,4.6,No,0.0014,LOW,5,16.01,0.5,Speaking,Critical,N/A (V2 requires sentence-transformers with valid GPU)
296,Michael Ramirez,Support,Support Engineer,Male,24,8,50829,3,2.5,No,0.0019,LOW,7,24.37,0.3,Active Listening,Critical,N/A (V2 requires sentence-transformers with valid GPU)
297,Cheryl Crawford,Support,Helpdesk,Female,22,14,91538,3,5.63,No,0.0049,LOW,6,20.37,0.4,Active Listening,Critical,N/A (V2 requires sentence-transformers with valid GPU)
298,Danielle Gonzalez,Sales,Account Manager,Other,53,10,72612,4,5.67,No,0.0013,LOW,7,25.49,0.3,Active Listening,Critical,N/A (V2 requires sentence-transformers with valid GPU)
299,Brian Stein,Hr,Hr Manager,Male,26,10,113808,3,7.77,No,0.0013,LOW,6,20.62,0.4,Speaking,Critical,N/A (V2 requires sentence-transformers with valid GPU)
300,Robert Dudley,Finance,Accountant,Female,30,8,78248,4,-0.47,No,0.0015,LOW,6,22.49,0.4,Critical Thinking,Critical,N/A (V2 requires sentence-transformers with valid GPU)
301,Janice Griffin,Marketing,Content Lead,Male,22,6,36366,4,6.0,No,0.0009,LOW,6,20.25,0.4,Critical Thinking,Critical,N/A (V2 requires sentence-transformers with valid GPU)
302,Vanessa Phillips,Finance,Auditor,Other,34,4,124118,3,4.0,No,0.0008,LOW,5,15.26,0.5,Reading Comprehension,Critical,N/A (V2 requires sentence-transformers with valid GPU)
303,Jared Walters,Sales,Account Manager,Other,42,4,173076,4,-2.0,No,0.007,LOW,7,25.0,0.3,Active Listening,Critical,N/A (V2 requires sentence-transformers with valid GPU)
304,Richard Miller,Sales,Sales Executive,Male,30,6,60148,3,7.67,No,0.0009,LOW,7,23.13,0.3,Reading Comprehension,Critical,N/A (V2 requires sentence-transformers with valid GPU)
305,Brandi Lewis,It,Developer,Female,48,3,179876,3,6.6,No,0.0009,LOW,7,20.49,0.3,Active Listening,Critical,N/A (V2 requires sentence-transformers with valid GPU)
306,Nancy Taylor DVM,It,Engineer,Female,50,12,71648,3,5.8,No,0.0013,LOW,6,19.88,0.4,Active Listening,Critical,N/A (V2 requires sentence-transformers with valid GPU)
307,Michael Harris,Finance,Auditor,Female,50,15,129341,4,0.83,No,0.0022,LOW,6,17.51,0.4,Critical Thinking,Critical,N/A (V2 requires sentence-transformers with valid GPU)
308,Nicole Robles,Hr,Hr Manager,Male,32,8,154022,3,5.47,No,0.001,LOW,7,26.0,0.3,Active Listening,Critical,N/A (V2 requires sentence-transformers with valid GPU)
309,Samantha Miller,It,Developer,Male,49,10,38841,3,3.17,No,0.0011,LOW,7,22.5,0.3,Critical Thinking,Critical,N/A (V2 requires sentence-transformers with valid GPU)
310,Andrea Perez,Hr,Hr Manager,Other,28,15,54740,4,0.87,No,0.002,LOW,6,23.12,0.4,Speaking,Critical,N/A (V2 requires sentence-transformers with valid GPU)
311,Scott Flores,Hr,Hr Executive,Female,59,14,53573,2,8.77,No,0.0099,LOW,5,16.88,0.5,Active Listening,Critical,N/A (V2 requires sentence-transformers with valid GPU)
312,Paul Jones,Support,Helpdesk,Male,37,14,176277,4,7.87,No,0.0013,LOW,6,21.37,0.4,Reading Comprehension,Critical,N/A (V2 requires sentence-transformers with valid GPU)
313,John Johns,Support,Support Engineer,Other,27,12,107565,2,4.23,Yes,0.9927,HIGH,6,20.25,0.4,Reading Comprehension,Critical,N/A (V2 requires sentence-transformers with valid GPU)
314,Lawrence Sellers,Hr,Hr Manager,Other,47,3,46944,2,1.3,Yes,0.9981,HIGH,7,28.0,0.3,Active Listening,Critical,N/A (V2 requires sentence-transformers with valid GPU)
315,Joe Schultz,Sales,Sales Executive,Male,35,15,45633,3,0.77,No,0.0023,LOW,6,22.49,0.4,Active Listening,Critical,N/A (V2 requires sentence-transformers with valid GPU)
316,Sandra Snow,Finance,Accountant,Male,35,14,167197,3,7.33,No,0.0013,LOW,7,24.49,0.3,Active Listening,Critical,N/A (V2 requires sentence-transformers with valid GPU)
317,Beverly Wheeler,Sales,Account Manager,Male,55,7,112507,5,5.73,No,0.0009,LOW,6,21.12,0.4,Active Listening,Critical,N/A (V2 requires sentence-transformers with valid GPU)
318,Ms. Amanda Wallace MD,Sales,Account Manager,Female,33,2,90509,3,0.47,No,0.0046,LOW,5,16.0,0.5,Reading Comprehension,Critical,N/A (V2 requires sentence-transformers with valid GPU)
319,Briana Hamilton,Hr,Hr Executive,Female,45,12,150675,1,-1.0,Yes,0.9987,HIGH,7,23.37,0.3,Active Listening,Critical,N/A (V2 requires sentence-transformers with valid GPU)
320,Carla Smith,Marketing,Seo Analyst,Female,46,10,71300,3,3.37,No,0.0021,LOW,6,21.63,0.4,Critical Thinking,Critical,N/A (V2 requires sentence-transformers with valid GPU)
321,Ashley Ortiz,Marketing,Seo Analyst,Male,60,9,77783,3,8.17,No,0.001,LOW,7,25.63,0.3,Critical Thinking,Critical,N/A (V2 requires sentence-transformers with valid GPU)
322,David Winters,It,Tester,Other,58,10,109972,4,3.03,No,0.0022,LOW,5,18.25,0.5,Reading Comprehension,Critical,N/A (V2 requires sentence-transformers with valid GPU)
323,Derrick Villanueva,Marketing,Content Lead,Male,37,5,148267,4,3.2,No,0.0015,LOW,5,18.37,0.5,Critical Thinking,Critical,N/A (V2 requires sentence-transformers with valid GPU)
324,Sarah Ponce,It,Tester,Other,56,7,131748,3,-2.07,No,0.007,LOW,6,20.13,0.4,Reading Comprehension,Critical,N/A (V2 requires sentence-transformers with valid GPU)
325,Alan Thompson,It,Engineer,Male,51,12,145326,3,4.8,No,0.0011,LOW,6,22.37,0.4,Critical Thinking,Critical,N/A (V2 requires sentence-transformers with valid GPU)
326,Vanessa Logan,Marketing,Content Lead,Male,32,3,145172,5,2.03,No,0.0015,LOW,7,23.25,0.3,Critical Thinking,Critical,N/A (V2 requires sentence-transformers with valid GPU)
327,Joshua Stevens,Sales,Sales Executive,Other,25,13,140663,3,4.6,No,0.0097,LOW,5,16.13,0.5,Reading Comprehension,Critical,N/A (V2 requires sentence-transformers with valid GPU)
328,James West,Finance,Accountant,Male,25,4,122261,1,-1.63,Yes,0.9982,HIGH,6,20.13,0.4,Reading Comprehension,Critical,N/A (V2 requires sentence-transformers with valid GPU)
329,Donna Wolfe,Hr,Hr Manager,Female,31,12,35923,4,2.0,No,0.0013,LOW,5,18.0,0.5,Active Listening,Critical,N/A (V2 requires sentence-transformers with valid GPU)
330,Alexander Murray,It,Developer,Female,47,14,121204,4,-0.8,No,0.0021,LOW,5,15.25,0.5,Critical Thinking,Critical,N/A (V2 requires sentence-transformers with valid GPU)
331,Catherine Raymond,Sales,Account Manager,Other,56,5,48764,3,6.27,No,0.0009,LOW,5,19.12,0.5,Active Listening,Critical,N/A (V2 requires sentence-transformers with valid GPU)
332,Lisa White,Sales,Sales Executive,Female,43,5,111995,4,6.83,No,0.0009,LOW,7,23.25,0.3,Active Listening,Critical,N/A (V2 requires sentence-transformers with valid GPU)
333,Marie Wilcox,Hr,Hr Manager,Female,23,7,146939,3,4.63,No,0.0009,LOW,6,22.25,0.4,Active Listening,Critical,N/A (V2 requires sentence-transformers with valid GPU)
334,Kevin George,Sales,Account Manager,Male,38,3,131509,5,0.47,No,0.0015,LOW,5,18.37,0.5,Active Listening,Critical,N/A (V2 requires sentence-transformers with valid GPU)
335,Justin Howard,Support,Support Engineer,Other,36,9,49565,2,-1.93,Yes,0.9982,HIGH,7,23.13,0.3,Reading Comprehension,Critical,N/A (V2 requires sentence-transformers with valid GPU)
336,Ryan Wood,Hr,Hr Executive,Female,35,10,85186,3,1.4,No,0.0023,LOW,7,26.24,0.3,Active Listening,Critical,N/A (V2 requires sentence-transformers with valid GPU)
337,Jesse Cline,Marketing,Seo Analyst,Female,37,11,170101,3,3.27,No,0.0011,LOW,7,24.63,0.3,Active Listening,Critical,N/A (V2 requires sentence-transformers with valid GPU)
338,William Wright,Marketing,Seo Analyst,Female,42,6,166547,3,0.03,No,0.0066,LOW,7,22.87,0.3,Critical Thinking,Critical,N/A (V2 requires sentence-transformers with valid GPU)
339,Jeffery Anderson,Marketing,Content Lead,Male,46,4,136830,3,8.0,No,0.0009,LOW,7,25.49,0.3,Critical Thinking,Critical,N/A (V2 requires sentence-transformers with valid GPU)
340,Denise Martinez,Marketing,Content Lead,Other,36,13,89473,3,3.67,No,0.0012,LOW,6,20.25,0.4,Active Listening,Critical,N/A (V2 requires sentence-transformers with valid GPU)
341,Benjamin Robinson,Finance,Auditor,Female,28,2,80131,3,1.23,No,0.0019,LOW,6,20.14,0.4,Reading Comprehension,Critical,N/A (V2 requires sentence-transformers with valid GPU)
342,Terry Hunt,It,Tester,Female,36,8,60436,4,-0.23,No,0.0014,LOW,7,24.37,0.3,Active Listening,Critical,N/A (V2 requires sentence-transformers with valid GPU)
343,Chelsey Smith,Hr,Hr Executive,Female,42,4,167857,3,5.57,No,0.0008,LOW,7,26.37,0.3,Critical Thinking,Critical,N/A (V2 requires sentence-transformers with valid GPU)
344,Jeff Oconnor,Finance,Auditor,Female,33,4,153228,4,1.83,No,0.0017,LOW,6,20.38,0.4,Active Listening,Critical,N/A (V2 requires sentence-transformers with valid GPU)
345,Brendan Henson,Finance,Accountant,Male,47,4,109066,3,5.43,No,0.0013,LOW,5,18.49,0.5,Active Listening,Critical,N/A (V2 requires sentence-transformers with valid GPU)
346,Christina Sanders,Hr,Hr Manager,Male,55,9,136921,3,1.23,No,0.0022,LOW,6,20.88,0.4,Active Listening,Critical,N/A (V2 requires sentence-transformers with valid GPU)
347,Douglas Nelson,Hr,Hr Executive,Male,32,4,99855,4,5.53,No,0.0008,LOW,6,20.13,0.4,Critical Thinking,Critical,N/A (V2 requires sentence-transformers with valid GPU)
348,Mary Turner,It,Developer,Male,36,15,40969,2,-0.3,Yes,0.9986,HIGH,5,15.75,0.5,Critical Thinking,Critical,N/A (V2 requires sentence-transformers with valid GPU)
349,Kevin Brown,Sales,Sales Executive,Other,21,10,88812,5,5.43,No,0.0011,LOW,6,19.13,0.4,Active Listening,Critical,N/A (V2 requires sentence-transformers with valid GPU)
350,Jonathan Bishop,Marketing,Content Lead,Female,33,13,96146,3,6.17,No,0.0012,LOW,5,18.25,0.5,Reading Comprehension,Critical,N/A (V2 requires sentence-transformers with valid GPU)
351,Maurice Lee,Hr,Hr Manager,Male,33,10,76013,3,7.3,No,0.0012,LOW,5,20.0,0.5,Reading Comprehension,Critical,N/A (V2 requires sentence-transformers with valid GPU)
352,Austin Jackson,Support,Helpdesk,Male,53,7,86146,2,2.63,Yes,0.9983,HIGH,5,18.25,0.5,Critical Thinking,Critical,N/A (V2 requires sentence-transformers with valid GPU)
353,Mary Burgess,It,Tester,Female,36,5,133790,4,5.27,No,0.0008,LOW,7,24.13,0.3,Reading Comprehension,Critical,N/A (V2 requires sentence-transformers with valid GPU)
354,Patricia Reed,Support,Helpdesk,Female,47,5,82116,4,4.1,No,0.0009,LOW,7,26.49,0.3,Active Listening,Critical,N/A (V2 requires sentence-transformers with valid GPU)
355,Nancy Simpson,Sales,Account Manager,Female,36,5,174515,4,7.8,No,0.0009,LOW,7,24.25,0.3,Active Listening,Critical,N/A (V2 requires sentence-transformers with valid GPU)
356,Justin Huerta,It,Tester,Female,51,11,32394,3,0.9,No,0.0032,LOW,6,19.76,0.4,Speaking,Critical,N/A (V2 requires sentence-transformers with valid GPU)
357,Henry Davis,Hr,Hr Executive,Other,28,10,167537,3,6.67,No,0.0013,LOW,7,27.24,0.3,Active Listening,Critical,N/A (V2 requires sentence-transformers with valid GPU)
358,Nancy Allen,It,Engineer,Male,55,14,172995,3,4.9,No,0.0021,LOW,5,19.12,0.5,Active Listening,Critical,N/A (V2 requires sentence-transformers with valid GPU)
359,Jill Hill,Hr,Hr Executive,Male,32,12,92794,3,5.53,No,0.0011,LOW,7,23.13,0.3,Reading Comprehension,Critical,N/A (V2 requires sentence-transformers with valid GPU)
360,Nicholas Barnes,Hr,Hr Manager,Other,48,3,137935,3,0.17,No,0.0052,LOW,5,17.87,0.5,Speaking,Critical,N/A (V2 requires sentence-transformers with valid GPU)
361,Emily Richardson,Marketing,Seo Analyst,Female,44,7,115462,4,3.53,No,0.0008,LOW,5,18.0,0.5,Active Listening,Critical,N/A (V2 requires sentence-transformers with valid GPU)
362,Chad Potter,Support,Helpdesk,Other,27,8,87597,2,6.67,No,0.0072,LOW,5,17.25,0.5,Active Listening,Critical,N/A (V2 requires sentence-transformers with valid GPU)
363,Elizabeth Mcdonald,Support,Helpdesk,Female,58,5,55055,4,4.3,No,0.0014,LOW,5,17.49,0.5,Critical Thinking,Critical,N/A (V2 requires sentence-transformers with valid GPU)
364,Mrs. Lisa Willis,It,Tester,Male,43,13,137797,2,7.2,No,0.0101,LOW,5,16.37,0.5,Critical Thinking,Critical,N/A (V2 requires sentence-transformers with valid GPU)
365,Kathryn Henry,Sales,Sales Executive,Female,43,12,53127,3,1.0,No,0.0095,LOW,5,18.0,0.5,Critical Thinking,Critical,N/A (V2 requires sentence-transformers with valid GPU)
366,Joshua Meyer,Support,Helpdesk,Male,34,8,140036,3,1.93,No,0.007,LOW,7,26.37,0.3,Active Listening,Critical,N/A (V2 requires sentence-transformers with valid GPU)
367,Michelle Jackson,Finance,Accountant,Other,40,14,124811,3,6.0,No,0.0013,LOW,7,23.37,0.3,Critical Thinking,Critical,N/A (V2 requires sentence-transformers with valid GPU)
368,Jason Camacho,It,Developer,Other,39,5,155312,2,4.33,Yes,0.9914,HIGH,5,15.75,0.5,Critical Thinking,Critical,N/A (V2 requires sentence-transformers with valid GPU)
369,Zachary King,Sales,Account Manager,Male,49,3,105484,3,-1.4,No,0.0015,LOW,5,16.0,0.5,Critical Thinking,Critical,N/A (V2 requires sentence-transformers with valid GPU)
370,Heather Hill,Hr,Hr Executive,Female,25,2,104217,5,8.0,No,0.0009,LOW,7,23.25,0.3,Active Listening,Critical,N/A (V2 requires sentence-transformers with valid GPU)
371,Hannah Webb,Finance,Accountant,Male,46,4,167454,3,6.17,No,0.0009,LOW,7,24.25,0.3,Active Listening,Critical,N/A (V2 requires sentence-transformers with valid GPU)
372,Daniel Floyd,It,Developer,Other,33,9,68529,2,2.0,Yes,0.9984,HIGH,7,22.25,0.3,Critical Thinking,Critical,N/A (V2 requires sentence-transformers with valid GPU)
373,Kenneth Ford,Finance,Auditor,Female,31,15,53142,3,4.23,No,0.0021,LOW,7,22.26,0.3,Reading Comprehension,Critical,N/A (V2 requires sentence-transformers with valid GPU)
374,Joshua Green,Finance,Accountant,Male,58,9,40979,3,2.23,No,0.001,LOW,7,25.49,0.3,Active Listening,Critical,N/A (V2 requires sentence-transformers with valid GPU)
375,Bryan Torres,Marketing,Seo Analyst,Female,46,9,161498,4,4.9,No,0.0016,LOW,7,25.0,0.3,Active Listening,Critical,N/A (V2 requires sentence-transformers with valid GPU)
376,James Henderson,It,Engineer,Female,21,14,147713,3,1.4,No,0.002,LOW,5,17.01,0.5,Writing,Critical,N/A (V2 requires sentence-transformers with valid GPU)
377,Timothy Morris,Sales,Sales Executive,Other,22,2,93080,3,1.5,No,0.0015,LOW,7,25.12,0.3,Active Listening,Critical,N/A (V2 requires sentence-transformers with valid GPU)
378,Dillon Daniel,Sales,Sales Executive,Male,56,14,129210,1,0.87,Yes,0.9988,HIGH,7,25.25,0.3,Reading Comprehension,Critical,N/A (V2 requires sentence-transformers with valid GPU)
379,Shelley Anthony,Support,Support Engineer,Other,51,13,37689,2,6.5,No,0.0104,LOW,7,24.37,0.3,Active Listening,Critical,N/A (V2 requires sentence-transformers with valid GPU)
380,Edward Jennings,Marketing,Seo Analyst,Female,30,14,173685,3,2.17,No,0.0013,LOW,5,16.75,0.5,Reading Comprehension,Critical,N/A (V2 requires sentence-transformers with valid GPU)
381,Dana Steele,It,Tester,Female,46,11,68482,2,9.4,No,0.01,LOW,6,20.24,0.4,Active Listening,Critical,N/A (V2 requires sentence-transformers with valid GPU)
382,Caitlyn Hayes,Support,Support Engineer,Male,37,7,51630,3,3.13,No,0.0037,LOW,7,27.24,0.3,Active Listening,Critical,N/A (V2 requires sentence-transformers with valid GPU)
383,Kathleen Rasmussen,It,Engineer,Male,31,2,41134,4,3.8,No,0.0015,LOW,6,22.37,0.4,Active Listening,Critical,N/A (V2 requires sentence-transformers with valid GPU)
384,Kyle Fuller,Sales,Sales Executive,Male,22,4,46137,3,0.03,No,0.0067,LOW,6,20.37,0.4,Active Listening,Critical,N/A (V2 requires sentence-transformers with valid GPU)
385,Jill Bass,Hr,Hr Manager,Female,54,9,38595,3,7.43,No,0.001,LOW,5,16.62,0.5,Speaking,Critical,N/A (V2 requires sentence-transformers with valid GPU)
386,Lindsey Mcmillan,Sales,Sales Executive,Male,52,14,175777,3,0.97,No,0.0099,LOW,6,19.88,0.4,Reading Comprehension,Critical,N/A (V2 requires sentence-transformers with valid GPU)
387,Bryan Briggs,Sales,Account Manager,Other,32,7,102650,5,9.07,No,0.0009,LOW,6,23.36,0.4,Active Listening,Critical,N/A (V2 requires sentence-transformers with valid GPU)
388,Ms. Amanda Campbell,Marketing,Content Lead,Female,51,13,107276,5,7.4,No,0.0013,LOW,5,17.25,0.5,Critical Thinking,Critical,N/A (V2 requires sentence-transformers with valid GPU)
389,Martha Henson,Support,Support Engineer,Other,22,7,131037,4,4.7,No,0.0009,LOW,5,17.88,0.5,Reading Comprehension,Critical,N/A (V2 requires sentence-transformers with valid GPU)
390,Thomas Green,Sales,Account Manager,Female,21,5,131917,2,3.33,No,0.0196,LOW,6,20.37,0.4,Critical Thinking,Critical,N/A (V2 requires sentence-transformers with valid GPU)
391,Melissa Parker,Marketing,Content Lead,Other,60,12,133093,4,1.27,No,0.0023,LOW,6,22.24,0.4,Active Listening,Critical,N/A (V2 requires sentence-transformers with valid GPU)
392,George Cooley,It,Tester,Female,48,2,72367,4,5.0,No,0.0014,LOW,6,20.0,0.4,Critical Thinking,Critical,N/A (V2 requires sentence-transformers with valid GPU)
393,Anthony Dominguez,Support,Helpdesk,Male,25,10,32438,3,1.57,No,0.0013,LOW,6,22.24,0.4,Active Listening,Critical,N/A (V2 requires sentence-transformers with valid GPU)
394,Katherine Webster,Finance,Accountant,Male,49,2,59217,3,5.53,No,0.0008,LOW,5,17.12,0.5,Critical Thinking,Critical,N/A (V2 requires sentence-transformers with valid GPU)
395,Heather Martinez,Sales,Account Manager,Other,59,12,175726,4,0.33,No,0.002,LOW,6,22.61,0.4,Active Listening,Critical,N/A (V2 requires sentence-transformers with valid GPU)
396,Gregory Adams,Marketing,Seo Analyst,Female,41,12,32496,3,4.5,No,0.0011,LOW,7,24.87,0.3,Active Listening,Critical,N/A (V2 requires sentence-transformers with valid GPU)
397,Pamela Smith,It,Engineer,Female,27,9,30860,3,2.17,No,0.001,LOW,7,23.25,0.3,Reading Comprehension,Critical,N/A (V2 requires sentence-transformers with valid GPU)
398,Steven Lewis,Sales,Sales Executive,Female,48,7,84698,4,2.53,No,0.0016,LOW,5,18.0,0.5,Reading Comprehension,Critical,N/A (V2 requires sentence-transformers with valid GPU)
399,Veronica Washington,Sales,Sales Executive,Male,39,3,41440,3,7.63,No,0.0009,LOW,7,24.24,0.3,Active Listening,Critical,N/A (V2 requires sentence-transformers with valid GPU)
400,John Smith,Finance,Accountant,Other,41,6,69711,3,4.93,No,0.0012,LOW,7,24.13,0.3,Critical Thinking,Critical,N/A (V2 requires sentence-transformers with valid GPU)
401,John Gonzalez,It,Developer,Other,60,12,112591,1,-0.4,Yes,0.9987,HIGH,6,16.99,0.4,Active Listening,Critical,N/A (V2 requires sentence-transformers with valid GPU)
402,Stacey Smith,Marketing,Seo Analyst,Male,41,4,63692,2,-1.1,Yes,0.9981,HIGH,5,17.99,0.5,Active Listening,Critical,N/A (V2 requires sentence-transformers with valid GPU)
403,Jonathan Armstrong,Sales,Account Manager,Female,47,11,34950,3,1.83,No,0.0103,LOW,7,26.61,0.3,Active Listening,Critical,N/A (V2 requires sentence-transformers with valid GPU)
404,Edwin Greene,It,Developer,Male,55,12,162717,5,3.0,No,0.0012,LOW,7,21.62,0.3,Reading Comprehension,Critical,N/A (V2 requires sentence-transformers with valid GPU)
405,Jessica Clark,It,Tester,Male,49,14,104563,3,2.0,No,0.0013,LOW,7,24.25,0.3,Critical Thinking,Critical,N/A (V2 requires sentence-transformers with valid GPU)
406,Jody Johnson DDS,Sales,Sales Executive,Male,29,2,83355,2,1.63,Yes,0.9983,HIGH,6,20.13,0.4,Active Listening,Critical,N/A (V2 requires sentence-transformers with valid GPU)
407,Amy Moore,It,Tester,Female,43,11,98962,4,6.1,No,0.0012,LOW,6,22.25,0.4,Active Listening,Critical,N/A (V2 requires sentence-transformers with valid GPU)
408,Noah Stewart,Support,Support Engineer,Male,37,4,53289,5,3.77,No,0.0012,LOW,5,15.76,0.5,Writing,Critical,N/A (V2 requires sentence-transformers with valid GPU)
409,Gabriel Hess,Hr,Hr Manager,Male,29,8,67267,3,2.07,No,0.0016,LOW,5,18.87,0.5,Writing,Critical,N/A (V2 requires sentence-transformers with valid GPU)
410,Kimberly Larson,Marketing,Content Lead,Male,23,10,64955,2,7.57,No,0.0099,LOW,7,24.37,0.3,Active Listening,Critical,N/A (V2 requires sentence-transformers with valid GPU)
411,Mrs. Melissa Thompson DDS,Marketing,Seo Analyst,Other,47,2,32693,4,0.6,No,0.0016,LOW,7,24.0,0.3,Active Listening,Critical,N/A (V2 requires sentence-transformers with valid GPU)
412,Dr. Steven Blair,Support,Support Engineer,Other,48,15,168715,2,6.53,No,0.043,LOW,7,25.24,0.3,Active Listening,Critical,N/A (V2 requires sentence-transformers with valid GPU)
413,Courtney Miller,Finance,Auditor,Other,60,5,69898,2,-2.23,Yes,0.9981,HIGH,5,16.88,0.5,Critical Thinking,Critical,N/A (V2 requires sentence-transformers with valid GPU)
414,Karen Mcknight,Finance,Auditor,Female,44,13,76888,4,5.27,No,0.0017,LOW,6,19.88,0.4,Active Listening,Critical,N/A (V2 requires sentence-transformers with valid GPU)
415,Sonya Martin,It,Engineer,Female,23,5,77513,1,4.13,No,0.0278,LOW,5,17.0,0.5,Active Listening,Critical,N/A (V2 requires sentence-transformers with valid GPU)
416,Dr. Pamela Wilcox,Finance,Auditor,Female,31,4,144517,4,-2.83,No,0.0047,LOW,7,21.13,0.3,Active Listening,Critical,N/A (V2 requires sentence-transformers with valid GPU)
417,Heather Hampton,Finance,Auditor,Male,56,9,125280,3,6.03,No,0.001,LOW,5,17.51,0.5,Reading Comprehension,Critical,N/A (V2 requires sentence-transformers with valid GPU)
418,James Taylor Jr.,Sales,Account Manager,Other,42,2,127848,3,0.63,No,0.0069,LOW,7,26.37,0.3,Active Listening,Critical,N/A (V2 requires sentence-transformers with valid GPU)
419,Tamara Figueroa,Marketing,Content Lead,Female,42,3,41729,3,7.43,No,0.0009,LOW,6,21.37,0.4,Active Listening,Critical,N/A (V2 requires sentence-transformers with valid GPU)
420,Aaron Martin,Sales,Account Manager,Female,60,5,115766,4,1.97,No,0.0016,LOW,7,24.13,0.3,Active Listening,Critical,N/A (V2 requires sentence-transformers with valid GPU)
421,Carlos Washington,Finance,Auditor,Male,45,8,123401,4,2.77,No,0.0013,LOW,6,17.38,0.4,Critical Thinking,Critical,N/A (V2 requires sentence-transformers with valid GPU)
422,Brittany Callahan,Marketing,Content Lead,Female,60,6,155850,3,7.83,No,0.0009,LOW,6,21.37,0.4,Active Listening,Critical,N/A (V2 requires sentence-transformers with valid GPU)
423,Andrew Gonzalez,Sales,Account Manager,Female,33,4,127997,4,1.7,No,0.0017,LOW,7,23.25,0.3,Active Listening,Critical,N/A (V2 requires sentence-transformers with valid GPU)
424,Mr. Ricky Nichols,Marketing,Content Lead,Male,27,9,156714,4,5.77,No,0.0009,LOW,6,21.49,0.4,Active Listening,Critical,N/A (V2 requires sentence-transformers with valid GPU)
425,Sarah Ward,Marketing,Seo Analyst,Other,58,15,149436,3,4.1,No,0.0012,LOW,6,22.51,0.4,Active Listening,Critical,N/A (V2 requires sentence-transformers with valid GPU)
426,Cristina Martin,Sales,Account Manager,Male,30,3,36058,3,3.8,No,0.0014,LOW,7,26.12,0.3,Active Listening,Critical,N/A (V2 requires sentence-transformers with valid GPU)
427,Alexandra Dalton,Finance,Accountant,Other,46,3,159792,3,8.4,No,0.0009,LOW,7,24.37,0.3,Critical Thinking,Critical,N/A (V2 requires sentence-transformers with valid GPU)
428,Melissa Arias,Sales,Account Manager,Female,47,5,74415,3,0.5,No,0.0042,LOW,7,23.37,0.3,Critical Thinking,Critical,N/A (V2 requires sentence-transformers with valid GPU)
429,Richard Smith,Finance,Auditor,Other,33,8,43491,4,7.93,No,0.0009,LOW,6,18.88,0.4,Reading Comprehension,Critical,N/A (V2 requires sentence-transformers with valid GPU)
430,Lori Smith,Sales,Sales Executive,Male,29,15,46600,5,3.03,No,0.0021,LOW,7,25.61,0.3,Active Listening,Critical,N/A (V2 requires sentence-transformers with valid GPU)
431,Alex Taylor,It,Developer,Female,40,10,57166,3,8.53,No,0.0012,LOW,5,15.5,0.5,Critical Thinking,Critical,N/A (V2 requires sentence-transformers with valid GPU)
432,Rachael Johnson,Support,Support Engineer,Male,40,3,159746,4,9.43,No,0.0009,LOW,6,20.88,0.4,Reading Comprehension,Critical,N/A (V2 requires sentence-transformers with valid GPU)
433,David Bryant,Sales,Sales Executive,Female,53,4,175837,2,1.6,Yes,0.9982,HIGH,7,24.37,0.3,Critical Thinking,Critical,N/A (V2 requires sentence-transformers with valid GPU)
434,James Flores,Support,Support Engineer,Female,52,8,80388,1,2.37,No,0.0375,LOW,6,19.88,0.4,Active Listening,Critical,N/A (V2 requires sentence-transformers with valid GPU)
435,David Haynes,Support,Support Engineer,Other,52,9,171878,4,1.77,No,0.001,LOW,5,18.0,0.5,Reading Comprehension,Critical,N/A (V2 requires sentence-transformers with valid GPU)
436,Marco Chambers,Marketing,Seo Analyst,Male,59,4,85221,4,4.1,No,0.0008,LOW,6,21.0,0.4,Active Listening,Critical,N/A (V2 requires sentence-transformers with valid GPU)
437,Todd Marsh,Hr,Hr Executive,Other,48,5,59266,3,5.8,No,0.0009,LOW,6,22.61,0.4,Active Listening,Critical,N/A (V2 requires sentence-transformers with valid GPU)
438,Sydney Robinson,Marketing,Seo Analyst,Other,37,2,169877,3,8.6,No,0.0009,LOW,7,23.99,0.3,Active Listening,Critical,N/A (V2 requires sentence-transformers with valid GPU)
439,Kelly Watkins,Marketing,Seo Analyst,Female,55,9,78917,3,1.07,No,0.002,LOW,6,18.75,0.4,Speaking,Critical,N/A (V2 requires sentence-transformers with valid GPU)
440,Dr. Kathryn Meyer MD,Sales,Sales Executive,Male,54,3,135185,3,2.47,No,0.0017,LOW,7,24.25,0.3,Active Listening,Critical,N/A (V2 requires sentence-transformers with valid GPU)
441,Amy Guerrero,Sales,Sales Executive,Female,25,14,110287,3,3.27,No,0.0011,LOW,7,25.25,0.3,Reading Comprehension,Critical,N/A (V2 requires sentence-transformers with valid GPU)
442,Lindsey Holmes,Support,Helpdesk,Other,27,11,50125,4,4.43,No,0.002,LOW,6,19.88,0.4,Reading Comprehension,Critical,N/A (V2 requires sentence-transformers with valid GPU)
443,Donald Cummings,Hr,Hr Manager,Female,25,9,110690,5,5.77,No,0.0009,LOW,5,20.38,0.5,Active Listening,Critical,N/A (V2 requires sentence-transformers with valid GPU)
444,Brittney Booth,It,Tester,Other,49,4,47150,3,6.0,No,0.0008,LOW,7,23.25,0.3,Critical Thinking,Critical,N/A (V2 requires sentence-transformers with valid GPU)
445,Ashley Hoffman,Sales,Account Manager,Female,34,12,121514,4,5.27,No,0.0017,LOW,6,22.0,0.4,Active Listening,Critical,N/A (V2 requires sentence-transformers with valid GPU)
446,Oscar Reid,Support,Helpdesk,Female,30,14,179581,4,3.03,No,0.0025,LOW,5,19.24,0.5,Active Listening,Critical,N/A (V2 requires sentence-transformers with valid GPU)
447,Sarah Smith,Sales,Sales Executive,Female,29,9,161650,3,-0.7,No,0.0017,LOW,6,20.12,0.4,Active Listening,Critical,N/A (V2 requires sentence-transformers with valid GPU)
448,William Chavez,It,Tester,Male,58,5,94497,4,-1.43,No,0.0014,LOW,7,26.37,0.3,Active Listening,Critical,N/A (V2 requires sentence-transformers with valid GPU)
449,Angela Rodriguez,Finance,Accountant,Female,57,3,42163,3,8.83,No,0.0009,LOW,7,25.0,0.3,Active Listening,Critical,N/A (V2 requires sentence-transformers with valid GPU)
450,John White,It,Developer,Male,60,5,46869,2,2.9,Yes,0.9978,HIGH,7,22.12,0.3,Reading Comprehension,Critical,N/A (V2 requires sentence-transformers with valid GPU)
451,Juan Hardy,Support,Helpdesk,Female,45,9,77555,4,-0.17,No,0.0018,LOW,7,26.37,0.3,Critical Thinking,Critical,N/A (V2 requires sentence-transformers with valid GPU)
452,Elizabeth Foley,Support,Support Engineer,Male,34,2,33685,3,0.57,No,0.0015,LOW,6,23.37,0.4,Active Listening,Critical,N/A (V2 requires sentence-transformers with valid GPU)
453,Raven Williams,It,Engineer,Male,53,3,152409,4,5.23,No,0.0008,LOW,7,23.13,0.3,Reading Comprehension,Critical,N/A (V2 requires sentence-transformers with valid GPU)
454,Miss Shannon Turner,It,Engineer,Other,43,4,110233,4,6.03,No,0.0008,LOW,7,24.25,0.3,Active Listening,Critical,N/A (V2 requires sentence-transformers with valid GPU)
455,Grace Cruz,It,Developer,Female,43,4,111332,3,6.07,No,0.0009,LOW,5,15.37,0.5,Reading Comprehension,Critical,N/A (V2 requires sentence-transformers with valid GPU)
456,Robert Morrow,Marketing,Content Lead,Male,46,3,141468,3,0.87,No,0.0021,LOW,5,16.13,0.5,Reading Comprehension,Critical,N/A (V2 requires sentence-transformers with valid GPU)
457,Aaron Davis,Support,Helpdesk,Male,48,7,88349,3,1.1,No,0.0015,LOW,5,17.0,0.5,Active Listening,Critical,N/A (V2 requires sentence-transformers with valid GPU)
458,Trevor Williams,Hr,Hr Executive,Female,47,11,119643,4,6.63,No,0.0011,LOW,7,24.25,0.3,Critical Thinking,Critical,N/A (V2 requires sentence-transformers with valid GPU)
459,Albert Chavez,Sales,Account Manager,Other,32,3,161632,1,5.97,No,0.0065,LOW,5,19.24,0.5,Active Listening,Critical,N/A (V2 requires sentence-transformers with valid GPU)
460,Nichole Fitzgerald,Marketing,Seo Analyst,Male,34,2,53266,4,2.73,No,0.0009,LOW,7,23.63,0.3,Reading Comprehension,Critical,N/A (V2 requires sentence-transformers with valid GPU)
461,Chelsey Roberts,Finance,Accountant,Other,60,15,67827,2,0.57,Yes,0.9986,HIGH,5,17.13,0.5,Active Listening,Critical,N/A (V2 requires sentence-transformers with valid GPU)
462,Brian Rice,Support,Support Engineer,Female,27,4,116235,3,4.93,No,0.0041,LOW,6,22.49,0.4,Active Listening,Critical,N/A (V2 requires sentence-transformers with valid GPU)
463,Jo Warren,Finance,Accountant,Female,58,13,35093,4,6.17,No,0.0011,LOW,7,24.25,0.3,Critical Thinking,Critical,N/A (V2 requires sentence-transformers with valid GPU)
464,Cynthia Clark,Sales,Account Manager,Female,60,14,155870,3,5.63,No,0.0012,LOW,7,24.12,0.3,Active Listening,Critical,N/A (V2 requires sentence-transformers with valid GPU)
465,Mary Hudson,Support,Helpdesk,Other,32,2,140627,4,0.2,No,0.0015,LOW,7,24.24,0.3,Active Listening,Critical,N/A (V2 requires sentence-transformers with valid GPU)
466,Jacqueline Knight,It,Developer,Female,28,2,93057,4,6.5,No,0.0009,LOW,5,14.37,0.5,Active Listening,Critical,N/A (V2 requires sentence-transformers with valid GPU)
467,Sydney Sweeney,Finance,Auditor,Female,25,11,107898,3,6.07,No,0.0013,LOW,7,22.14,0.3,Reading Comprehension,Critical,N/A (V2 requires sentence-transformers with valid GPU)
468,Deborah Harris,Hr,Hr Executive,Male,59,9,169457,2,0.2,Yes,0.9982,HIGH,5,17.25,0.5,Reading Comprehension,Critical,N/A (V2 requires sentence-transformers with valid GPU)
469,Samantha Curtis,Finance,Auditor,Female,40,5,173633,3,1.9,No,0.0017,LOW,7,20.76,0.3,Active Listening,Critical,N/A (V2 requires sentence-transformers with valid GPU)
470,Brett Armstrong,Hr,Hr Executive,Male,60,14,92312,1,-0.63,Yes,0.9987,HIGH,7,26.49,0.3,Active Listening,Critical,N/A (V2 requires sentence-transformers with valid GPU)
471,David Zamora,Hr,Hr Manager,Female,22,8,35152,3,7.8,No,0.0009,LOW,5,19.37,0.5,Speaking,Critical,N/A (V2 requires sentence-transformers with valid GPU)
472,Gregory Contreras,Finance,Accountant,Male,37,5,162437,2,0.6,Yes,0.9983,HIGH,5,18.12,0.5,Critical Thinking,Critical,N/A (V2 requires sentence-transformers with valid GPU)
473,Brian Peterson,It,Engineer,Other,44,13,129971,4,-0.43,No,0.0021,LOW,6,20.37,0.4,Critical Thinking,Critical,N/A (V2 requires sentence-transformers with valid GPU)
474,Frank Ross,Finance,Auditor,Male,54,9,175948,2,-0.83,Yes,0.9983,HIGH,7,23.64,0.3,Reading Comprehension,Critical,N/A (V2 requires sentence-transformers with valid GPU)
475,Kelsey Moore,Sales,Account Manager,Male,35,4,162702,3,5.27,No,0.001,LOW,5,17.25,0.5,Reading Comprehension,Critical,N/A (V2 requires sentence-transformers with valid GPU)
476,Louis Davis,Hr,Hr Manager,Male,24,5,76735,4,3.43,No,0.0008,LOW,6,21.63,0.4,Active Listening,Critical,N/A (V2 requires sentence-transformers with valid GPU)
477,Daniel Ruiz,Sales,Sales Executive,Other,49,14,64651,4,5.93,No,0.0013,LOW,6,21.49,0.4,Active Listening,Critical,N/A (V2 requires sentence-transformers with valid GPU)
478,Lauren Preston,Marketing,Content Lead,Other,55,15,94382,4,9.1,No,0.0012,LOW,5,19.36,0.5,Active Listening,Critical,N/A (V2 requires sentence-transformers with valid GPU)
479,Shawn Grant,It,Tester,Other,56,5,140237,3,5.63,No,0.0012,LOW,5,17.25,0.5,Active Listening,Critical,N/A (V2 requires sentence-transformers with valid GPU)
480,Pamela Castro,Support,Helpdesk,Other,51,14,77476,4,7.2,No,0.0013,LOW,6,20.13,0.4,Critical Thinking,Critical,N/A (V2 requires sentence-transformers with valid GPU)
481,Brian Thompson,It,Developer,Female,21,2,36213,3,4.83,No,0.0008,LOW,5,15.49,0.5,Reading Comprehension,Critical,N/A (V2 requires sentence-transformers with valid GPU)
482,Anthony Jennings,Support,Support Engineer,Other,43,8,60868,3,2.4,No,0.0017,LOW,6,21.13,0.4,Active Listening,Critical,N/A (V2 requires sentence-transformers with valid GPU)
483,Jennifer Fernandez,It,Tester,Other,52,6,42425,2,-0.97,Yes,0.9981,HIGH,6,20.37,0.4,Active Listening,Critical,N/A (V2 requires sentence-transformers with valid GPU)
484,Mary Patterson,Sales,Sales Executive,Other,31,4,171672,3,6.27,No,0.0009,LOW,6,20.37,0.4,Critical Thinking,Critical,N/A (V2 requires sentence-transformers with valid GPU)
485,Antonio Johnson,Sales,Sales Executive,Female,47,7,64927,5,0.1,No,0.0015,LOW,7,26.37,0.3,Critical Thinking,Critical,N/A (V2 requires sentence-transformers with valid GPU)
486,Thomas Gomez,Sales,Sales Executive,Female,59,7,51461,3,2.87,No,0.0009,LOW,7,25.25,0.3,Critical Thinking,Critical,N/A (V2 requires sentence-transformers with valid GPU)
487,Stephanie Ryan,It,Developer,Male,33,11,31689,4,7.17,No,0.0012,LOW,5,15.12,0.5,Reading Comprehension,Critical,N/A (V2 requires sentence-transformers with valid GPU)
488,Lydia Thomas,Finance,Auditor,Other,39,15,151142,4,1.87,No,0.0023,LOW,7,21.38,0.3,Reading Comprehension,Critical,N/A (V2 requires sentence-transformers with valid GPU)
489,Jonathan Green,Finance,Accountant,Male,47,15,44069,3,4.43,No,0.0017,LOW,5,19.37,0.5,Active Listening,Critical,N/A (V2 requires sentence-transformers with valid GPU)
490,Cheryl Jimenez,Hr,Hr Manager,Other,57,7,178046,4,3.67,No,0.0015,LOW,5,17.25,0.5,Critical Thinking,Critical,N/A (V2 requires sentence-transformers with valid GPU)
491,Kendra Grant,Sales,Account Manager,Female,51,4,109973,3,6.8,No,0.0008,LOW,6,21.13,0.4,Reading Comprehension,Critical,N/A (V2 requires sentence-transformers with valid GPU)
492,Crystal Conway,Marketing,Seo Analyst,Male,34,3,56917,3,5.97,No,0.0009,LOW,5,17.63,0.5,Active Listening,Critical,N/A (V2 requires sentence-transformers with valid GPU)
493,Nancy Bell,It,Tester,Other,59,10,89449,5,7.2,No,0.0012,LOW,5,16.13,0.5,Active Listening,Critical,N/A (V2 requires sentence-transformers with valid GPU)
494,Katrina Thomas,Hr,Hr Manager,Female,53,6,152708,3,1.57,No,0.0015,LOW,6,24.5,0.4,Active Listening,Critical,N/A (V2 requires sentence-transformers with valid GPU)
495,Sean Nash,It,Developer,Male,38,4,56333,4,4.33,No,0.0009,LOW,5,15.0,0.5,Critical Thinking,Critical,N/A (V2 requires sentence-transformers with valid GPU)
496,Mrs. Jessica Johnson,It,Developer,Other,25,12,127673,3,6.93,No,0.0011,LOW,5,16.0,0.5,Reading Comprehension,Critical,N/A (V2 requires sentence-transformers with valid GPU)
497,Rhonda Torres,Finance,Auditor,Other,47,6,107623,3,7.3,No,0.0009,LOW,7,23.76,0.3,Reading Comprehension,Critical,N/A (V2 requires sentence-transformers with valid GPU)
498,Patricia Fisher,Finance,Accountant,Male,44,4,90850,2,3.07,Yes,0.9976,HIGH,6,22.24,0.4,Active Listening,Critical,N/A (V2 requires sentence-transformers with valid GPU)
499,Dorothy Hartman,Sales,Account Manager,Other,52,7,138568,3,4.5,No,0.0015,LOW,7,23.13,0.3,Critical Thinking,Critical,N/A (V2 requires sentence-transformers with valid GPU)
500,David Rhodes,Marketing,Content Lead,Male,40,8,77261,4,4.1,No,0.0008,LOW,5,16.01,0.5,Writing,Critical,N/A (V2 requires sentence-transformers with valid GPU)
