employee_id,role,top_skill_gap,priority,importance,all_gaps,recommended_tools
1,Auditor,Active Listening,Critical,3.5,Active Listening; Critical Thinking; Speaking,N/A (V2 requires sentence-transformers with valid GPU)
2,Sales Executive,Critical Thinking,Critical,4.12,Critical Thinking; Reading Comprehension; Writing,N/A (V2 requires sentence-transformers with valid GPU)
3,Helpdesk,Active Listening,Critical,4.12,Active Listening; Critical Thinking; Reading Comprehension,N/A (V2 requires sentence-transformers with valid GPU)
4,Hr Executive,Reading Comprehension,Critical,4.12,Reading Comprehension; Speaking; Writing,N/A (V2 requires sentence-transformers with valid GPU)
5,Account Manager,Active Listening,Critical,4.12,Active Listening; Reading Comprehension; Writing,N/A (V2 requires sentence-transformers with valid GPU)
6,Helpdesk,Writing,Critical,4.0,Writing; Speaking; Active Learning,N/A (V2 requires sentence-transformers with valid GPU)
7,Engineer,Active Listening,Critical,4.12,Active Listening; Reading Comprehension; Speaking,N/A (V2 requires sentence-transformers with valid GPU)
8,Hr Executive,Active Listening,Critical,4.12,Active Listening; Reading Comprehension; Speaking,N/A (V2 requires sentence-transformers with valid GPU)
9,Hr Executive,Active Listening,Critical,4.12,Active Listening; Critical Thinking; Writing,N/A (V2 requires sentence-transformers with valid GPU)
10,Accountant,Reading Comprehension,Critical,4.12,Reading Comprehension; Speaking; Writing,N/A (V2 requires sentence-transformers with valid GPU)
11,Hr Executive,Critical Thinking,Critical,4.12,Critical Thinking; Monitoring; Active Learning,N/A (V2 requires sentence-transformers with valid GPU)
12,Helpdesk,Active Listening,Critical,4.12,Active Listening; Critical Thinking; Reading Comprehension,N/A (V2 requires sentence-transformers with valid GPU)
13,Accountant,Active Listening,Critical,4.12,Active Listening; Critical Thinking; Reading Comprehension,N/A (V2 requires sentence-transformers with valid GPU)
14,Hr Manager,Active Listening,Critical,4.38,Active Listening; Writing; Critical Thinking,N/A (V2 requires sentence-transformers with valid GPU)
15,Developer,Reading Comprehension,Critical,3.5,Reading Comprehension; Active Listening; Active Learning,N/A (V2 requires sentence-transformers with valid GPU)
16,Seo Analyst,Writing,Critical,4.0,Writing; Speaking; Monitoring,N/A (V2 requires sentence-transformers with valid GPU)
17,Support Engineer,Active Listening,Critical,4.12,Active Listening; Critical Thinking; Speaking,N/A (V2 requires sentence-transformers with valid GPU)
18,Tester,Critical Thinking,Critical,4.12,Critical Thinking; Reading Comprehension; Speaking,N/A (V2 requires sentence-transformers with valid GPU)
19,Helpdesk,Critical Thinking,Critical,4.12,Critical Thinking; Reading Comprehension; Writing,N/A (V2 requires sentence-transformers with valid GPU)
20,Support Engineer,Active Listening,Critical,4.12,Active Listening; Speaking; Monitoring,N/A (V2 requires sentence-transformers with valid GPU)
21,Support Engineer,Writing,Critical,4.0,Writing; Speaking; Monitoring,N/A (V2 requires sentence-transformers with valid GPU)
22,Sales Executive,Active Listening,Critical,4.12,Active Listening; Critical Thinking; Writing,N/A (V2 requires sentence-transformers with valid GPU)
23,Tester,Active Listening,Critical,4.12,Active Listening; Critical Thinking; Speaking,N/A (V2 requires sentence-transformers with valid GPU)
24,Tester,Active Listening,Critical,4.12,Active Listening; Reading Comprehension; Speaking,N/A (V2 requires sentence-transformers with valid GPU)
25,Content Lead,Active Listening,Critical,4.12,Active Listening; Critical Thinking; Writing,N/A (V2 requires sentence-transformers with valid GPU)
26,Seo Analyst,Speaking,Critical,3.88,Speaking; Monitoring; Mathematics,N/A (V2 requires sentence-transformers with valid GPU)
27,Sales Executive,Active Listening,Critical,4.12,Active Listening; Critical Thinking; Speaking,N/A (V2 requires sentence-transformers with valid GPU)
28,Content Lead,Active Listening,Critical,4.12,Active Listening; Critical Thinking; Reading Comprehension,N/A (V2 requires sentence-transformers with valid GPU)
29,Accountant,Active Listening,Critical,4.12,Active Listening; Critical Thinking; Writing,N/A (V2 requires sentence-transformers with valid GPU)
30,Support Engineer,Active Listening,Critical,4.12,Active Listening; Critical Thinking; Writing,N/A (V2 requires sentence-transformers with valid GPU)
31,Developer,Reading Comprehension,Critical,3.5,Reading Comprehension; Active Listening; Writing,N/A (V2 requires sentence-transformers with valid GPU)
32,Content Lead,Active Listening,Critical,4.12,Active Listening; Critical Thinking; Writing,N/A (V2 requires sentence-transformers with valid GPU)
33,Tester,Critical Thinking,Critical,4.12,Critical Thinking; Writing; Speaking,N/A (V2 requires sentence-transformers with valid GPU)
34,Engineer,Active Listening,Critical,4.12,Active Listening; Critical Thinking; Reading Comprehension,N/A (V2 requires sentence-transformers with valid GPU)
35,Seo Analyst,Critical Thinking,Critical,4.0,Critical Thinking; Reading Comprehension; Speaking,N/A (V2 requires sentence-transformers with valid GPU)
36,Auditor,Active Listening,Critical,3.5,Active Listening; Critical Thinking; Writing,N/A (V2 requires sentence-transformers with valid GPU)
37,Content Lead,Active Listening,Critical,4.12,Active Listening; Reading Comprehension; Critical Thinking,N/A (V2 requires sentence-transformers with valid GPU)
38,Accountant,Active Listening,Critical,4.12,Active Listening; Reading Comprehension; Writing,N/A (V2 requires sentence-transformers with valid GPU)
39,Auditor,Reading Comprehension,Critical,3.88,Reading Comprehension; Writing; Active Listening,N/A (V2 requires sentence-transformers with valid GPU)
40,Auditor,Reading Comprehension,Critical,3.88,Reading Comprehension; Active Listening; Critical Thinking,N/A (V2 requires sentence-transformers with valid GPU)
41,Account Manager,Active Listening,Critical,4.12,Active Listening; Writing; Speaking,N/A (V2 requires sentence-transformers with valid GPU)
42,Content Lead,Active Listening,Critical,4.12,Active Listening; Critical Thinking; Writing,N/A (V2 requires sentence-transformers with valid GPU)
43,Content Lead,Critical Thinking,Critical,4.12,Critical Thinking; Reading Comprehension; Speaking,N/A (V2 requires sentence-transformers with valid GPU)
44,Engineer,Active Listening,Critical,4.12,Active Listening; Critical Thinking; Reading Comprehension,N/A (V2 requires sentence-transformers with valid GPU)
45,Accountant,Critical Thinking,Critical,4.12,Critical Thinking; Speaking; Writing,N/A (V2 requires sentence-transformers with valid GPU)
46,Developer,Active Listening,Critical,3.38,Active Listening; Writing; Speaking,N/A (V2 requires sentence-transformers with valid GPU)
47,Account Manager,Writing,Critical,4.0,Writing; Monitoring; Active Learning,N/A (V2 requires sentence-transformers with valid GPU)
48,Sales Executive,Active Listening,Critical,4.12,Active Listening; Writing; Monitoring,N/A (V2 requires sentence-transformers with valid GPU)
49,Helpdesk,Active Listening,Critical,4.12,Active Listening; Reading Comprehension; Speaking,N/A (V2 requires sentence-transformers with valid GPU)
50,Tester,Active Listening,Critical,4.12,Active Listening; Critical Thinking; Writing,N/A (V2 requires sentence-transformers with valid GPU)
51,Sales Executive,Active Listening,Critical,4.12,Active Listening; Critical Thinking; Reading Comprehension,N/A (V2 requires sentence-transformers with valid GPU)
52,Support Engineer,Reading Comprehension,Critical,4.12,Reading Comprehension; Writing; Active Learning,N/A (V2 requires sentence-transformers with valid GPU)
53,Seo Analyst,Critical Thinking,Critical,4.0,Critical Thinking; Reading Comprehension; Writing,N/A (V2 requires sentence-transformers with valid GPU)
54,Auditor,Writing,Critical,3.5,Writing; Speaking; Monitoring,N/A (V2 requires sentence-transformers with valid GPU)
55,Accountant,Active Listening,Critical,4.12,Active Listening; Critical Thinking; Writing,N/A (V2 requires sentence-transformers with valid GPU)
56,Developer,Critical Thinking,Critical,3.88,Critical Thinking; Writing; Active Learning,N/A (V2 requires sentence-transformers with valid GPU)
57,Developer,Critical Thinking,Critical,3.88,Critical Thinking; Reading Comprehension; Active Listening,N/A (V2 requires sentence-transformers with valid GPU)
58,Helpdesk,Active Listening,Critical,4.12,Active Listening; Critical Thinking; Reading Comprehension,N/A (V2 requires sentence-transformers with valid GPU)
59,Seo Analyst,Critical Thinking,Critical,4.0,Critical Thinking; Writing; Reading Comprehension,N/A (V2 requires sentence-transformers with valid GPU)
60,Hr Executive,Active Listening,Critical,4.12,Active Listening; Critical Thinking; Speaking,N/A (V2 requires sentence-transformers with valid GPU)
61,Hr Manager,Active Listening,Critical,4.38,Active Listening; Reading Comprehension; Writing,N/A (V2 requires sentence-transformers with valid GPU)
62,Tester,Critical Thinking,Critical,4.12,Critical Thinking; Reading Comprehension; Speaking,N/A (V2 requires sentence-transformers with valid GPU)
63,Hr Manager,Speaking,Critical,4.25,Speaking; Critical Thinking; Monitoring,N/A (V2 requires sentence-transformers with valid GPU)
64,Helpdesk,Active Listening,Critical,4.12,Active Listening; Reading Comprehension; Speaking,N/A (V2 requires sentence-transformers with valid GPU)
65,Account Manager,Critical Thinking,Critical,4.12,Critical Thinking; Writing; Monitoring,N/A (V2 requires sentence-transformers with valid GPU)
66,Content Lead,Reading Comprehension,Critical,4.12,Reading Comprehension; Speaking; Writing,N/A (V2 requires sentence-transformers with valid GPU)
67,Sales Executive,Reading Comprehension,Critical,4.12,Reading Comprehension; Speaking; Monitoring,N/A (V2 requires sentence-transformers with valid GPU)
68,Sales Executive,Reading Comprehension,Critical,4.12,Reading Comprehension; Writing; Monitoring,N/A (V2 requires sentence-transformers with valid GPU)
69,Account Manager,Active Listening,Critical,4.12,Active Listening; Critical Thinking; Monitoring,N/A (V2 requires sentence-transformers with valid GPU)
70,Accountant,Critical Thinking,Critical,4.12,Critical Thinking; Writing; Monitoring,N/A (V2 requires sentence-transformers with valid GPU)
71,Hr Executive,Active Listening,Critical,4.12,Active Listening; Critical Thinking; Speaking,N/A (V2 requires sentence-transformers with valid GPU)
72,Content Lead,Active Listening,Critical,4.12,Active Listening; Critical Thinking; Reading Comprehension,N/A (V2 requires sentence-transformers with valid GPU)
73,Developer,Critical Thinking,Critical,3.88,Critical Thinking; Reading Comprehension; Writing,N/A (V2 requires sentence-transformers with valid GPU)
74,Sales Executive,Active Listening,Critical,4.12,Active Listening; Reading Comprehension; Critical Thinking,N/A (V2 requires sentence-transformers with valid GPU)
75,Developer,Reading Comprehension,Critical,3.5,Reading Comprehension; Writing; Speaking,N/A (V2 requires sentence-transformers with valid GPU)
76,Hr Manager,Active Listening,Critical,4.38,Active Listening; Speaking; Writing,N/A (V2 requires sentence-transformers with valid GPU)
77,Sales Executive,Active Listening,Critical,4.12,Active Listening; Critical Thinking; Reading Comprehension,N/A (V2 requires sentence-transformers with valid GPU)
78,Sales Executive,Active Listening,Critical,4.12,Active Listening; Critical Thinking; Writing,N/A (V2 requires sentence-transformers with valid GPU)
79,Content Lead,Active Listening,Critical,4.12,Active Listening; Critical Thinking; Reading Comprehension,N/A (V2 requires sentence-transformers with valid GPU)
80,Hr Manager,Active Listening,Critical,4.38,Active Listening; Reading Comprehension; Writing,N/A (V2 requires sentence-transformers with valid GPU)
81,Helpdesk,Reading Comprehension,Critical,4.12,Reading Comprehension; Speaking; Writing,N/A (V2 requires sentence-transformers with valid GPU)
82,Engineer,Critical Thinking,Critical,4.12,Critical Thinking; Writing; Monitoring,N/A (V2 requires sentence-transformers with valid GPU)
83,Developer,Critical Thinking,Critical,3.88,Critical Thinking; Reading Comprehension; Writing,N/A (V2 requires sentence-transformers with valid GPU)
84,Auditor,Critical Thinking,Critical,3.5,Critical Thinking; Speaking; Active Learning,N/A (V2 requires sentence-transformers with valid GPU)
85,Sales Executive,Active Listening,Critical,4.12,Active Listening; Critical Thinking; Reading Comprehension,N/A (V2 requires sentence-transformers with valid GPU)
86,Sales Executive,Critical Thinking,Critical,4.12,Critical Thinking; Reading Comprehension; Active Learning,N/A (V2 requires sentence-transformers with valid GPU)
87,Support Engineer,Active Listening,Critical,4.12,Active Listening; Critical Thinking; Reading Comprehension,N/A (V2 requires sentence-transformers with valid GPU)
88,Content Lead,Active Listening,Critical,4.12,Active Listening; Critical Thinking; Reading Comprehension,N/A (V2 requires sentence-transformers with valid GPU)
89,Seo Analyst,Active Listening,Critical,4.0,Active Listening; Critical Thinking; Speaking,N/A (V2 requires sentence-transformers with valid GPU)
90,Auditor,Critical Thinking,Critical,3.5,Critical Thinking; Writing; Speaking,N/A (V2 requires sentence-transformers with valid GPU)
91,Tester,Active Listening,Critical,4.12,Active Listening; Reading Comprehension; Speaking,N/A (V2 requires sentence-transformers with valid GPU)
92,Accountant,Active Listening,Critical,4.12,Active Listening; Monitoring; Active Learning,N/A (V2 requires sentence-transformers with valid GPU)
93,Account Manager,Critical Thinking,Critical,4.12,Critical Thinking; Reading Comprehension; Speaking,N/A (V2 requires sentence-transformers with valid GPU)
94,Helpdesk,Active Listening,Critical,4.12,Active Listening; Critical Thinking; Writing,N/A (V2 requires sentence-transformers with valid GPU)
95,Support Engineer,Active Listening,Critical,4.12,Active Listening; Critical Thinking; Reading Comprehension,N/A (V2 requires sentence-transformers with valid GPU)
96,Content Lead,Active Listening,Critical,4.12,Active Listening; Reading Comprehension; Speaking,N/A (V2 requires sentence-transformers with valid GPU)
97,Hr Manager,Active Listening,Critical,4.38,Active Listening; Reading Comprehension; Writing,N/A (V2 requires sentence-transformers with valid GPU)
98,Content Lead,Active Listening,Critical,4.12,Active Listening; Reading Comprehension; Speaking,N/A (V2 requires sentence-transformers with valid GPU)
99,Hr Executive,Active Listening,Critical,4.12,Active Listening; Critical Thinking; Reading Comprehension,N/A (V2 requires sentence-transformers with valid GPU)
100,Account Manager,Reading Comprehension,Critical,4.12,Reading Comprehension; Speaking; Writing,N/A (V2 requires sentence-transformers with valid GPU)
101,Hr Manager,Active Listening,Critical,4.38,Active Listening; Reading Comprehension; Critical Thinking,N/A (V2 requires sentence-transformers with valid GPU)
102,Hr Executive,Active Listening,Critical,4.12,Active Listening; Critical Thinking; Reading Comprehension,N/A (V2 requires sentence-transformers with valid GPU)
103,Account Manager,Critical Thinking,Critical,4.12,Critical Thinking; Writing; Speaking,N/A (V2 requires sentence-transformers with valid GPU)
104,Support Engineer,Active Listening,Critical,4.12,Active Listening; Reading Comprehension; Speaking,N/A (V2 requires sentence-transformers with valid GPU)
105,Seo Analyst,Active Listening,Critical,4.0,Active Listening; Writing; Critical Thinking,N/A (V2 requires sentence-transformers with valid GPU)
106,Accountant,Critical Thinking,Critical,4.12,Critical Thinking; Reading Comprehension; Active Learning,N/A (V2 requires sentence-transformers with valid GPU)
107,Developer,Reading Comprehension,Critical,3.5,Reading Comprehension; Speaking; Monitoring,N/A (V2 requires sentence-transformers with valid GPU)
108,Hr Executive,Active Listening,Critical,4.12,Active Listening; Speaking; Writing,N/A (V2 requires sentence-transformers with valid GPU)
109,Support Engineer,Critical Thinking,Critical,4.12,Critical Thinking; Reading Comprehension; Speaking,N/A (V2 requires sentence-transformers with valid GPU)
110,Developer,Reading Comprehension,Critical,3.5,Reading Comprehension; Active Listening; Monitoring,N/A (V2 requires sentence-transformers with valid GPU)
111,Helpdesk,Critical Thinking,Critical,4.12,Critical Thinking; Reading Comprehension; Speaking,N/A (V2 requires sentence-transformers with valid GPU)
112,Engineer,Critical Thinking,Critical,4.12,Critical Thinking; Speaking; Monitoring,N/A (V2 requires sentence-transformers with valid GPU)
113,Developer,Critical Thinking,Critical,3.88,Critical Thinking; Writing; Speaking,N/A (V2 requires sentence-transformers with valid GPU)
114,Helpdesk,Active Listening,Critical,4.12,Active Listening; Critical Thinking; Reading Comprehension,N/A (V2 requires sentence-transformers with valid GPU)
115,Account Manager,Active Listening,Critical,4.12,Active Listening; Critical Thinking; Writing,N/A (V2 requires sentence-transformers with valid GPU)
116,Helpdesk,Active Listening,Critical,4.12,Active Listening; Critical Thinking; Active Learning,N/A (V2 requires sentence-transformers with valid GPU)
117,Seo Analyst,Active Listening,Critical,4.0,Active Listening; Writing; Reading Comprehension,N/A (V2 requires sentence-transformers with valid GPU)
118,Hr Executive,Active Listening,Critical,4.12,Active Listening; Critical Thinking; Speaking,N/A (V2 requires sentence-transformers with valid GPU)
119,Auditor,Reading Comprehension,Critical,3.88,Reading Comprehension; Writing; Mathematics,N/A (V2 requires sentence-transformers with valid GPU)
120,Sales Executive,Critical Thinking,Critical,4.12,Critical Thinking; Reading Comprehension; Writing,N/A (V2 requires sentence-transformers with valid GPU)
121,Developer,Reading Comprehension,Critical,3.5,Reading Comprehension; Active Listening; Speaking,N/A (V2 requires sentence-transformers with valid GPU)
122,Support Engineer,Active Listening,Critical,4.12,Active Listening; Critical Thinking; Speaking,N/A (V2 requires sentence-transformers with valid GPU)
123,Auditor,Active Listening,Critical,3.5,Active Listening; Writing; Speaking,N/A (V2 requires sentence-transformers with valid GPU)
124,Engineer,Active Listening,Critical,4.12,Active Listening; Critical Thinking; Reading Comprehension,N/A (V2 requires sentence-transformers with valid GPU)
125,Accountant,Critical Thinking,Critical,4.12,Critical Thinking; Writing; Speaking,N/A (V2 requires sentence-transformers with valid GPU)
126,Developer,Critical Thinking,Critical,3.88,Critical Thinking; Reading Comprehension; Speaking,N/A (V2 requires sentence-transformers with valid GPU)
127,Sales Executive,Active Listening,Critical,4.12,Active Listening; Critical Thinking; Reading Comprehension,N/A (V2 requires sentence-transformers with valid GPU)
128,Hr Executive,Active Listening,Critical,4.12,Active Listening; Reading Comprehension; Speaking,N/A (V2 requires sentence-transformers with valid GPU)
129,Support Engineer,Active Listening,Critical,4.12,Active Listening; Critical Thinking; Writing,N/A (V2 requires sentence-transformers with valid GPU)
130,Tester,Critical Thinking,Critical,4.12,Critical Thinking; Writing; Active Learning,N/A (V2 requires sentence-transformers with valid GPU)
131,Helpdesk,Active Listening,Critical,4.12,Active Listening; Reading Comprehension; Writing,N/A (V2 requires sentence-transformers with valid GPU)
132,Hr Executive,Active Listening,Critical,4.12,Active Listening; Reading Comprehension; Writing,N/A (V2 requires sentence-transformers with valid GPU)
133,Auditor,Critical Thinking,Critical,3.5,Critical Thinking; Writing; Monitoring,N/A (V2 requires sentence-transformers with valid GPU)
134,Hr Manager,Active Listening,Critical,4.38,Active Listening; Reading Comprehension; Writing,N/A (V2 requires sentence-transformers with valid GPU)
135,Content Lead,Critical Thinking,Critical,4.12,Critical Thinking; Speaking; Monitoring,N/A (V2 requires sentence-transformers with valid GPU)
136,Seo Analyst,Active Listening,Critical,4.0,Active Listening; Reading Comprehension; Writing,N/A (V2 requires sentence-transformers with valid GPU)
137,Auditor,Reading Comprehension,Critical,3.88,Reading Comprehension; Writing; Active Listening,N/A (V2 requires sentence-transformers with valid GPU)
138,Engineer,Critical Thinking,Critical,4.12,Critical Thinking; Speaking; Writing,N/A (V2 requires sentence-transformers with valid GPU)
139,Developer,Critical Thinking,Critical,3.88,Critical Thinking; Active Listening; Monitoring,N/A (V2 requires sentence-transformers with valid GPU)
140,Account Manager,Critical Thinking,Critical,4.12,Critical Thinking; Writing; Active Learning,N/A (V2 requires sentence-transformers with valid GPU)
141,Tester,Critical Thinking,Critical,4.12,Critical Thinking; Writing; Speaking,N/A (V2 requires sentence-transformers with valid GPU)
142,Account Manager,Critical Thinking,Critical,4.12,Critical Thinking; Reading Comprehension; Monitoring,N/A (V2 requires sentence-transformers with valid GPU)
143,Helpdesk,Active Listening,Critical,4.12,Active Listening; Reading Comprehension; Speaking,N/A (V2 requires sentence-transformers with valid GPU)
144,Account Manager,Reading Comprehension,Critical,4.12,Reading Comprehension; Speaking; Writing,N/A (V2 requires sentence-transformers with valid GPU)
145,Support Engineer,Reading Comprehension,Critical,4.12,Reading Comprehension; Writing; Learning Strategies,N/A (V2 requires sentence-transformers with valid GPU)
146,Hr Manager,Active Listening,Critical,4.38,Active Listening; Speaking; Reading Comprehension,N/A (V2 requires sentence-transformers with valid GPU)
147,Account Manager,Speaking,Critical,4.0,Speaking; Writing; Monitoring,N/A (V2 requires sentence-transformers with valid GPU)
148,Account Manager,Active Listening,Critical,4.12,Active Listening; Reading Comprehension; Writing,N/A (V2 requires sentence-transformers with valid GPU)
149,Support Engineer,Active Listening,Critical,4.12,Active Listening; Speaking; Writing,N/A (V2 requires sentence-transformers with valid GPU)
150,Content Lead,Reading Comprehension,Critical,4.12,Reading Comprehension; Writing; Monitoring,N/A (V2 requires sentence-transformers with valid GPU)
151,Hr Executive,Critical Thinking,Critical,4.12,Critical Thinking; Writing; Speaking,N/A (V2 requires sentence-transformers with valid GPU)
152,Account Manager,Active Listening,Critical,4.12,Active Listening; Reading Comprehension; Speaking,N/A (V2 requires sentence-transformers with valid GPU)
153,Tester,Active Listening,Critical,4.12,Active Listening; Critical Thinking; Speaking,N/A (V2 requires sentence-transformers with valid GPU)
154,Seo Analyst,Reading Comprehension,Critical,4.0,Reading Comprehension; Writing; Speaking,N/A (V2 requires sentence-transformers with valid GPU)
155,Hr Executive,Active Listening,Critical,4.12,Active Listening; Monitoring; Active Learning,N/A (V2 requires sentence-transformers with valid GPU)
156,Developer,Critical Thinking,Critical,3.88,Critical Thinking; Reading Comprehension; Active Listening,N/A (V2 requires sentence-transformers with valid GPU)
157,Hr Executive,Critical Thinking,Critical,4.12,Critical Thinking; Reading Comprehension; Writing,N/A (V2 requires sentence-transformers with valid GPU)
158,Content Lead,Active Listening,Critical,4.12,Active Listening; Critical Thinking; Speaking,N/A (V2 requires sentence-transformers with valid GPU)
159,Support Engineer,Critical Thinking,Critical,4.12,Critical Thinking; Writing; Monitoring,N/A (V2 requires sentence-transformers with valid GPU)
160,Sales Executive,Active Listening,Critical,4.12,Active Listening; Reading Comprehension; Speaking,N/A (V2 requires sentence-transformers with valid GPU)
161,Helpdesk,Active Listening,Critical,4.12,Active Listening; Critical Thinking; Reading Comprehension,N/A (V2 requires sentence-transformers with valid GPU)
162,Accountant,Active Listening,Critical,4.12,Active Listening; Critical Thinking; Reading Comprehension,N/A (V2 requires sentence-transformers with valid GPU)
163,Hr Executive,Reading Comprehension,Critical,4.12,Reading Comprehension; Speaking; Monitoring,N/A (V2 requires sentence-transformers with valid GPU)
164,Hr Manager,Speaking,Critical,4.25,Speaking; Critical Thinking; Monitoring,N/A (V2 requires sentence-transformers with valid GPU)
165,Tester,Reading Comprehension,Critical,4.12,Reading Comprehension; Speaking; Writing,N/A (V2 requires sentence-transformers with valid GPU)
166,Tester,Active Listening,Critical,4.12,Active Listening; Reading Comprehension; Monitoring,N/A (V2 requires sentence-transformers with valid GPU)
167,Hr Manager,Active Listening,Critical,4.38,Active Listening; Speaking; Reading Comprehension,N/A (V2 requires sentence-transformers with valid GPU)
168,Hr Executive,Reading Comprehension,Critical,4.12,Reading Comprehension; Writing; Monitoring,N/A (V2 requires sentence-transformers with valid GPU)
169,Support Engineer,Active Listening,Critical,4.12,Active Listening; Critical Thinking; Reading Comprehension,N/A (V2 requires sentence-transformers with valid GPU)
170,Account Manager,Active Listening,Critical,4.12,Active Listening; Reading Comprehension; Critical Thinking,N/A (V2 requires sentence-transformers with valid GPU)
171,Seo Analyst,Active Listening,Critical,4.0,Active Listening; Active Learning; Mathematics,N/A (V2 requires sentence-transformers with valid GPU)
172,Hr Manager,Speaking,Critical,4.25,Speaking; Writing; Monitoring,N/A (V2 requires sentence-transformers with valid GPU)
173,Support Engineer,Active Listening,Critical,4.12,Active Listening; Critical Thinking; Reading Comprehension,N/A (V2 requires sentence-transformers with valid GPU)
174,Content Lead,Critical Thinking,Critical,4.12,Critical Thinking; Reading Comprehension; Active Learning,N/A (V2 requires sentence-transformers with valid GPU)
175,Seo Analyst,Active Listening,Critical,4.0,Active Listening; Critical Thinking; Writing,N/A (V2 requires sentence-transformers with valid GPU)
176,Helpdesk,Active Listening,Critical,4.12,Active Listening; Reading Comprehension; Speaking,N/A (V2 requires sentence-transformers with valid GPU)
177,Helpdesk,Reading Comprehension,Critical,4.12,Reading Comprehension; Speaking; Monitoring,N/A (V2 requires sentence-transformers with valid GPU)
178,Account Manager,Reading Comprehension,Critical,4.12,Reading Comprehension; Writing; Monitoring,N/A (V2 requires sentence-transformers with valid GPU)
179,Seo Analyst,Active Listening,Critical,4.0,Active Listening; Critical Thinking; Writing,N/A (V2 requires sentence-transformers with valid GPU)
180,Helpdesk,Active Listening,Critical,4.12,Active Listening; Critical Thinking; Writing,N/A (V2 requires sentence-transformers with valid GPU)
181,Helpdesk,Active Listening,Critical,4.12,Active Listening; Critical Thinking; Reading Comprehension,N/A (V2 requires sentence-transformers with valid GPU)
182,Support Engineer,Active Listening,Critical,4.12,Active Listening; Critical Thinking; Reading Comprehension,N/A (V2 requires sentence-transformers with valid GPU)
183,Account Manager,Active Listening,Critical,4.12,Active Listening; Critical Thinking; Writing,N/A (V2 requires sentence-transformers with valid GPU)
184,Auditor,Reading Comprehension,Critical,3.88,Reading Comprehension; Critical Thinking; Active Listening,N/A (V2 requires sentence-transformers with valid GPU)
185,Sales Executive,Critical Thinking,Critical,4.12,Critical Thinking; Writing; Monitoring,N/A (V2 requires sentence-transformers with valid GPU)
186,Developer,Reading Comprehension,Critical,3.5,Reading Comprehension; Writing; Active Learning,N/A (V2 requires sentence-transformers with valid GPU)
187,Support Engineer,Reading Comprehension,Critical,4.12,Reading Comprehension; Speaking; Writing,N/A (V2 requires sentence-transformers with valid GPU)
188,Support Engineer,Critical Thinking,Critical,4.12,Critical Thinking; Writing; Speaking,N/A (V2 requires sentence-transformers with valid GPU)
189,Accountant,Active Listening,Critical,4.12,Active Listening; Critical Thinking; Writing,N/A (V2 requires sentence-transformers with valid GPU)
190,Auditor,Reading Comprehension,Critical,3.88,Reading Comprehension; Critical Thinking; Active Listening,N/A (V2 requires sentence-transformers with valid GPU)
191,Hr Executive,Active Listening,Critical,4.12,Active Listening; Reading Comprehension; Monitoring,N/A (V2 requires sentence-transformers with valid GPU)
192,Engineer,Critical Thinking,Critical,4.12,Critical Thinking; Writing; Speaking,N/A (V2 requires sentence-transformers with valid GPU)
193,Support Engineer,Critical Thinking,Critical,4.12,Critical Thinking; Writing; Monitoring,N/A (V2 requires sentence-transformers with valid GPU)
194,Auditor,Reading Comprehension,Critical,3.88,Reading Comprehension; Active Listening; Critical Thinking,N/A (V2 requires sentence-transformers with valid GPU)
195,Helpdesk,Critical Thinking,Critical,4.12,Critical Thinking; Reading Comprehension; Writing,N/A (V2 requires sentence-transformers with valid GPU)
196,Hr Manager,Active Listening,Critical,4.38,Active Listening; Reading Comprehension; Speaking,N/A (V2 requires sentence-transformers with valid GPU)
197,Hr Executive,Active Listening,Critical,4.12,Active Listening; Critical Thinking; Reading Comprehension,N/A (V2 requires sentence-transformers with valid GPU)
198,Accountant,Critical Thinking,Critical,4.12,Critical Thinking; Reading Comprehension; Speaking,N/A (V2 requires sentence-transformers with valid GPU)
199,Tester,Active Listening,Critical,4.12,Active Listening; Writing; Active Learning,N/A (V2 requires sentence-transformers with valid GPU)
200,Engineer,Active Listening,Critical,4.12,Active Listening; Critical Thinking; Reading Comprehension,N/A (V2 requires sentence-transformers with valid GPU)
201,Accountant,Active Listening,Critical,4.12,Active Listening; Reading Comprehension; Speaking,N/A (V2 requires sentence-transformers with valid GPU)
202,Accountant,Reading Comprehension,Critical,4.12,Reading Comprehension; Writing; Speaking,N/A (V2 requires sentence-transformers with valid GPU)
203,Seo Analyst,Critical Thinking,Critical,4.0,Critical Thinking; Writing; Reading Comprehension,N/A (V2 requires sentence-transformers with valid GPU)
204,Hr Executive,Active Listening,Critical,4.12,Active Listening; Critical Thinking; Reading Comprehension,N/A (V2 requires sentence-transformers with valid GPU)
205,Content Lead,Critical Thinking,Critical,4.12,Critical Thinking; Reading Comprehension; Writing,N/A (V2 requires sentence-transformers with valid GPU)
206,Sales Executive,Active Listening,Critical,4.12,Active Listening; Critical Thinking; Writing,N/A (V2 requires sentence-transformers with valid GPU)
207,Helpdesk,Active Listening,Critical,4.12,Active Listening; Critical Thinking; Reading Comprehension,N/A (V2 requires sentence-transformers with valid GPU)
208,Support Engineer,Active Listening,Critical,4.12,Active Listening; Critical Thinking; Writing,N/A (V2 requires sentence-transformers with valid GPU)
209,Account Manager,Active Listening,Critical,4.12,Active Listening; Critical Thinking; Speaking,N/A (V2 requires sentence-transformers with valid GPU)
210,Sales Executive,Active Listening,Critical,4.12,Active Listening; Reading Comprehension; Writing,N/A (V2 requires sentence-transformers with valid GPU)
211,Auditor,Reading Comprehension,Critical,3.88,Reading Comprehension; Critical Thinking; Writing,N/A (V2 requires sentence-transformers with valid GPU)
212,Account Manager,Critical Thinking,Critical,4.12,Critical Thinking; Speaking; Active Learning,N/A (V2 requires sentence-transformers with valid GPU)
213,Sales Executive,Active Listening,Critical,4.12,Active Listening; Critical Thinking; Writing,N/A (V2 requires sentence-transformers with valid GPU)
214,Account Manager,Active Listening,Critical,4.12,Active Listening; Speaking; Monitoring,N/A (V2 requires sentence-transformers with valid GPU)
215,Hr Manager,Active Listening,Critical,4.38,Active Listening; Speaking; Writing,N/A (V2 requires sentence-transformers with valid GPU)
216,Seo Analyst,Critical Thinking,Critical,4.0,Critical Thinking; Writing; Reading Comprehension,N/A (V2 requires sentence-transformers with valid GPU)
217,Engineer,Active Listening,Critical,4.12,Active Listening; Critical Thinking; Speaking,N/A (V2 requires sentence-transformers with valid GPU)
218,Developer,Critical Thinking,Critical,3.88,Critical Thinking; Reading Comprehension; Active Listening,N/A (V2 requires sentence-transformers with valid GPU)
219,Auditor,Reading Comprehension,Critical,3.88,Reading Comprehension; Critical Thinking; Active Listening,N/A (V2 requires sentence-transformers with valid GPU)
220,Support Engineer,Critical Thinking,Critical,4.12,Critical Thinking; Reading Comprehension; Speaking,N/A (V2 requires sentence-transformers with valid GPU)
221,Sales Executive,Critical Thinking,Critical,4.12,Critical Thinking; Speaking; Writing,N/A (V2 requires sentence-transformers with valid GPU)
222,Content Lead,Active Listening,Critical,4.12,Active Listening; Writing; Learning Strategies,N/A (V2 requires sentence-transformers with valid GPU)
223,Hr Executive,Reading Comprehension,Critical,4.12,Reading Comprehension; Speaking; Writing,N/A (V2 requires sentence-transformers with valid GPU)
224,Account Manager,Critical Thinking,Critical,4.12,Critical Thinking; Reading Comprehension; Speaking,N/A (V2 requires sentence-transformers with valid GPU)
225,Sales Executive,Critical Thinking,Critical,4.12,Critical Thinking; Reading Comprehension; Writing,N/A (V2 requires sentence-transformers with valid GPU)
226,Auditor,Reading Comprehension,Critical,3.88,Reading Comprehension; Critical Thinking; Writing,N/A (V2 requires sentence-transformers with valid GPU)
227,Helpdesk,Reading Comprehension,Critical,4.12,Reading Comprehension; Speaking; Writing,N/A (V2 requires sentence-transformers with valid GPU)
228,Support Engineer,Critical Thinking,Critical,4.12,Critical Thinking; Monitoring; Learning Strategies,N/A (V2 requires sentence-transformers with valid GPU)
229,Hr Manager,Reading Comprehension,Critical,4.25,Reading Comprehension; Writing; Monitoring,N/A (V2 requires sentence-transformers with valid GPU)
230,Auditor,Active Listening,Critical,3.5,Active Listening; Critical Thinking; Writing,N/A (V2 requires sentence-transformers with valid GPU)
231,Accountant,Active Listening,Critical,4.12,Active Listening; Writing; Monitoring,N/A (V2 requires sentence-transformers with valid GPU)
232,Hr Manager,Active Listening,Critical,4.38,Active Listening; Reading Comprehension; Writing,N/A (V2 requires sentence-transformers with valid GPU)
233,Developer,Reading Comprehension,Critical,3.5,Reading Comprehension; Writing; Monitoring,N/A (V2 requires sentence-transformers with valid GPU)
234,Accountant,Reading Comprehension,Critical,4.12,Reading Comprehension; Writing; Active Learning,N/A (V2 requires sentence-transformers with valid GPU)
235,Hr Executive,Active Listening,Critical,4.12,Active Listening; Critical Thinking; Reading Comprehension,N/A (V2 requires sentence-transformers with valid GPU)
236,Accountant,Critical Thinking,Critical,4.12,Critical Thinking; Reading Comprehension; Writing,N/A (V2 requires sentence-transformers with valid GPU)
237,Account Manager,Active Listening,Critical,4.12,Active Listening; Reading Comprehension; Writing,N/A (V2 requires sentence-transformers with valid GPU)
238,Support Engineer,Reading Comprehension,Critical,4.12,Reading Comprehension; Speaking; Active Learning,N/A (V2 requires sentence-transformers with valid GPU)
239,Auditor,Reading Comprehension,Critical,3.88,Reading Comprehension; Writing; Active Listening,N/A (V2 requires sentence-transformers with valid GPU)
240,Developer,Critical Thinking,Critical,3.88,Critical Thinking; Active Listening; Speaking,N/A (V2 requires sentence-transformers with valid GPU)
241,Helpdesk,Critical Thinking,Critical,4.12,Critical Thinking; Speaking; Monitoring,N/A (V2 requires sentence-transformers with valid GPU)
242,Content Lead,Critical Thinking,Critical,4.12,Critical Thinking; Monitoring; Active Learning,N/A (V2 requires sentence-transformers with valid GPU)
243,Support Engineer,Active Listening,Critical,4.12,Active Listening; Reading Comprehension; Writing,N/A (V2 requires sentence-transformers with valid GPU)
244,Helpdesk,Reading Comprehension,Critical,4.12,Reading Comprehension; Speaking; Active Learning,N/A (V2 requires sentence-transformers with valid GPU)
245,Sales Executive,Critical Thinking,Critical,4.12,Critical Thinking; Reading Comprehension; Speaking,N/A (V2 requires sentence-transformers with valid GPU)
246,Accountant,Reading Comprehension,Critical,4.12,Reading Comprehension; Writing; Active Learning,N/A (V2 requires sentence-transformers with valid GPU)
247,Engineer,Reading Comprehension,Critical,4.12,Reading Comprehension; Speaking; Writing,N/A (V2 requires sentence-transformers with valid GPU)
248,Engineer,Critical Thinking,Critical,4.12,Critical Thinking; Reading Comprehension; Speaking,N/A (V2 requires sentence-transformers with valid GPU)
249,Hr Executive,Critical Thinking,Critical,4.12,Critical Thinking; Speaking; Monitoring,N/A (V2 requires sentence-transformers with valid GPU)
250,Developer,Critical Thinking,Critical,3.88,Critical Thinking; Reading Comprehension; Active Listening,N/A (V2 requires sentence-transformers with valid GPU)
251,Accountant,Reading Comprehension,Critical,4.12,Reading Comprehension; Writing; Monitoring,N/A (V2 requires sentence-transformers with valid GPU)
252,Helpdesk,Active Listening,Critical,4.12,Active Listening; Writing; Speaking,N/A (V2 requires sentence-transformers with valid GPU)
253,Seo Analyst,Active Listening,Critical,4.0,Active Listening; Reading Comprehension; Speaking,N/A (V2 requires sentence-transformers with valid GPU)
254,Engineer,Active Listening,Critical,4.12,Active Listening; Writing; Speaking,N/A (V2 requires sentence-transformers with valid GPU)
255,Sales Executive,Active Listening,Critical,4.12,Active Listening; Critical Thinking; Reading Comprehension,N/A (V2 requires sentence-transformers with valid GPU)
256,Hr Manager,Speaking,Critical,4.25,Speaking; Reading Comprehension; Monitoring,N/A (V2 requires sentence-transformers with valid GPU)
257,Accountant,Active Listening,Critical,4.12,Active Listening; Critical Thinking; Writing,N/A (V2 requires sentence-transformers with valid GPU)
258,Hr Executive,Active Listening,Critical,4.12,Active Listening; Reading Comprehension; Speaking,N/A (V2 requires sentence-transformers with valid GPU)
259,Auditor,Reading Comprehension,Critical,3.88,Reading Comprehension; Writing; Active Listening,N/A (V2 requires sentence-transformers with valid GPU)
260,Hr Manager,Reading Comprehension,Critical,4.25,Reading Comprehension; Speaking; Writing,N/A (V2 requires sentence-transformers with valid GPU)
261,Seo Analyst,Active Listening,Critical,4.0,Active Listening; Critical Thinking; Speaking,N/A (V2 requires sentence-transformers with valid GPU)
262,Tester,Reading Comprehension,Critical,4.12,Reading Comprehension; Writing; Monitoring,N/A (V2 requires sentence-transformers with valid GPU)
263,Engineer,Active Listening,Critical,4.12,Active Listening; Reading Comprehension; Monitoring,N/A (V2 requires sentence-transformers with valid GPU)
264,Auditor,Active Listening,Critical,3.5,Active Listening; Critical Thinking; Monitoring,N/A (V2 requires sentence-transformers with valid GPU)
265,Hr Executive,Critical Thinking,Critical,4.12,Critical Thinking; Speaking; Monitoring,N/A (V2 requires sentence-transformers with valid GPU)
266,Content Lead,Critical Thinking,Critical,4.12,Critical Thinking; Reading Comprehension; Monitoring,N/A (V2 requires sentence-transformers with valid GPU)
267,Support Engineer,Critical Thinking,Critical,4.12,Critical Thinking; Reading Comprehension; Speaking,N/A (V2 requires sentence-transformers with valid GPU)
268,Content Lead,Active Listening,Critical,4.12,Active Listening; Critical Thinking; Reading Comprehension,N/A (V2 requires sentence-transformers with valid GPU)
269,Hr Executive,Active Listening,Critical,4.12,Active Listening; Critical Thinking; Writing,N/A (V2 requires sentence-transformers with valid GPU)
270,Hr Executive,Critical Thinking,Critical,4.12,Critical Thinking; Writing; Speaking,N/A (V2 requires sentence-transformers with valid GPU)
271,Accountant,Critical Thinking,Critical,4.12,Critical Thinking; Reading Comprehension; Speaking,N/A (V2 requires sentence-transformers with valid GPU)
272,Content Lead,Reading Comprehension,Critical,4.12,Reading Comprehension; Writing; Speaking,N/A (V2 requires sentence-transformers with valid GPU)
273,Account Manager,Active Listening,Critical,4.12,Active Listening; Critical Thinking; Speaking,N/A (V2 requires sentence-transformers with valid GPU)
274,Tester,Active Listening,Critical,4.12,Active Listening; Reading Comprehension; Speaking,N/A (V2 requires sentence-transformers with valid GPU)
275,Hr Manager,Active Listening,Critical,4.38,Active Listening; Speaking; Critical Thinking,N/A (V2 requires sentence-transformers with valid GPU)
276,Engineer,Active Listening,Critical,4.12,Active Listening; Critical Thinking; Writing,N/A (V2 requires sentence-transformers with valid GPU)
277,Account Manager,Active Listening,Critical,4.12,Active Listening; Critical Thinking; Reading Comprehension,N/A (V2 requires sentence-transformers with valid GPU)
278,Sales Executive,Critical Thinking,Critical,4.12,Critical Thinking; Writing; Speaking,N/A (V2 requires sentence-transformers with valid GPU)
279,Account Manager,Critical Thinking,Critical,4.12,Critical Thinking; Reading Comprehension; Writing,N/A (V2 requires sentence-transformers with valid GPU)
280,Auditor,Critical Thinking,Critical,3.5,Critical Thinking; Writing; Speaking,N/A (V2 requires sentence-transformers with valid GPU)
281,Account Manager,Critical Thinking,Critical,4.12,Critical Thinking; Speaking; Writing,N/A (V2 requires sentence-transformers with valid GPU)
282,Accountant,Reading Comprehension,Critical,4.12,Reading Comprehension; Writing; Speaking,N/A (V2 requires sentence-transformers with valid GPU)
283,Hr Manager,Active Listening,Critical,4.38,Active Listening; Writing; Monitoring,N/A (V2 requires sentence-transformers with valid GPU)
284,Helpdesk,Active Listening,Critical,4.12,Active Listening; Critical Thinking; Writing,N/A (V2 requires sentence-transformers with valid GPU)
285,Helpdesk,Reading Comprehension,Critical,4.12,Reading Comprehension; Speaking; Writing,N/A (V2 requires sentence-transformers with valid GPU)
286,Sales Executive,Active Listening,Critical,4.12,Active Listening; Critical Thinking; Reading Comprehension,N/A (V2 requires sentence-transformers with valid GPU)
287,Developer,Critical Thinking,Critical,3.88,Critical Thinking; Writing; Speaking,N/A (V2 requires sentence-transformers with valid GPU)
288,Seo Analyst,Critical Thinking,Critical,4.0,Critical Thinking; Writing; Mathematics,N/A (V2 requires sentence-transformers with valid GPU)
289,Content Lead,Active Listening,Critical,4.12,Active Listening; Critical Thinking; Speaking,N/A (V2 requires sentence-transformers with valid GPU)
290,Sales Executive,Critical Thinking,Critical,4.12,Critical Thinking; Reading Comprehension; Writing,N/A (V2 requires sentence-transformers with valid GPU)
291,Developer,Reading Comprehension,Critical,3.5,Reading Comprehension; Active Listening; Writing,N/A (V2 requires sentence-transformers with valid GPU)
292,Sales Executive,Active Listening,Critical,4.12,Active Listening; Critical Thinking; Speaking,N/A (V2 requires sentence-transformers with valid GPU)
293,Hr Manager,Active Listening,Critical,4.38,Active Listening; Reading Comprehension; Speaking,N/A (V2 requires sentence-transformers with valid GPU)
294,Hr Manager,Reading Comprehension,Critical,4.25,Reading Comprehension; Speaking; Writing,N/A (V2 requires sentence-transformers with valid GPU)
295,Helpdesk,Speaking,Critical,4.0,Speaking; Monitoring; Active Learning,N/A (V2 requires sentence-transformers with valid GPU)
296,Support Engineer,Active Listening,Critical,4.12,Active Listening; Critical Thinking; Writing,N/A (V2 requires sentence-transformers with valid GPU)
297,Helpdesk,Active Listening,Critical,4.12,Active Listening; Reading Comprehension; Speaking,N/A (V2 requires sentence-transformers with valid GPU)
298,Account Manager,Active Listening,Critical,4.12,Active Listening; Critical Thinking; Reading Comprehension,N/A (V2 requires sentence-transformers with valid GPU)
299,Hr Manager,Speaking,Critical,4.25,Speaking; Writing; Critical Thinking,N/A (V2 requires sentence-transformers with valid GPU)
300,Accountant,Critical Thinking,Critical,4.12,Critical Thinking; Reading Comprehension; Writing,N/A (V2 requires sentence-transformers with valid GPU)
301,Content Lead,Critical Thinking,Critical,4.12,Critical Thinking; Reading Comprehension; Monitoring,N/A (V2 requires sentence-transformers with valid GPU)
302,Auditor,Reading Comprehension,Critical,3.88,Reading Comprehension; Active Listening; Monitoring,N/A (V2 requires sentence-transformers with valid GPU)
303,Account Manager,Active Listening,Critical,4.12,Active Listening; Critical Thinking; Writing,N/A (V2 requires sentence-transformers with valid GPU)
304,Sales Executive,Reading Comprehension,Critical,4.12,Reading Comprehension; Writing; Monitoring,N/A (V2 requires sentence-transformers with valid GPU)
305,Developer,Active Listening,Critical,3.38,Active Listening; Speaking; Monitoring,N/A (V2 requires sentence-transformers with valid GPU)
306,Engineer,Active Listening,Critical,4.12,Active Listening; Writing; Monitoring,N/A (V2 requires sentence-transformers with valid GPU)
307,Auditor,Critical Thinking,Critical,3.5,Critical Thinking; Speaking; Monitoring,N/A (V2 requires sentence-transformers with valid GPU)
308,Hr Manager,Active Listening,Critical,4.38,Active Listening; Reading Comprehension; Writing,N/A (V2 requires sentence-transformers with valid GPU)
309,Developer,Critical Thinking,Critical,3.88,Critical Thinking; Reading Comprehension; Active Listening,N/A (V2 requires sentence-transformers with valid GPU)
310,Hr Manager,Speaking,Critical,4.25,Speaking; Writing; Monitoring,N/A (V2 requires sentence-transformers with valid GPU)
311,Hr Executive,Active Listening,Critical,4.12,Active Listening; Writing; Monitoring,N/A (V2 requires sentence-transformers with valid GPU)
312,Helpdesk,Reading Comprehension,Critical,4.12,Reading Comprehension; Speaking; Writing,N/A (V2 requires sentence-transformers with valid GPU)
313,Support Engineer,Reading Comprehension,Critical,4.12,Reading Comprehension; Speaking; Writing,N/A (V2 requires sentence-transformers with valid GPU)
314,Hr Manager,Active Listening,Critical,4.38,Active Listening; Speaking; Reading Comprehension,N/A (V2 requires sentence-transformers with valid GPU)
315,Sales Executive,Active Listening,Critical,4.12,Active Listening; Reading Comprehension; Writing,N/A (V2 requires sentence-transformers with valid GPU)
316,Accountant,Active Listening,Critical,4.12,Active Listening; Critical Thinking; Reading Comprehension,N/A (V2 requires sentence-transformers with valid GPU)
317,Account Manager,Active Listening,Critical,4.12,Active Listening; Reading Comprehension; Writing,N/A (V2 requires sentence-transformers with valid GPU)
318,Account Manager,Reading Comprehension,Critical,4.12,Reading Comprehension; Writing; Learning Strategies,N/A (V2 requires sentence-transformers with valid GPU)
319,Hr Executive,Active Listening,Critical,4.12,Active Listening; Reading Comprehension; Writing,N/A (V2 requires sentence-transformers with valid GPU)
320,Seo Analyst,Critical Thinking,Critical,4.0,Critical Thinking; Reading Comprehension; Writing,N/A (V2 requires sentence-transformers with valid GPU)
321,Seo Analyst,Critical Thinking,Critical,4.0,Critical Thinking; Writing; Reading Comprehension,N/A (V2 requires sentence-transformers with valid GPU)
322,Tester,Reading Comprehension,Critical,4.12,Reading Comprehension; Writing; Monitoring,N/A (V2 requires sentence-transformers with valid GPU)
323,Content Lead,Critical Thinking,Critical,4.12,Critical Thinking; Writing; Speaking,N/A (V2 requires sentence-transformers with valid GPU)
324,Tester,Reading Comprehension,Critical,4.12,Reading Comprehension; Speaking; Monitoring,N/A (V2 requires sentence-transformers with valid GPU)
325,Engineer,Critical Thinking,Critical,4.12,Critical Thinking; Reading Comprehension; Writing,N/A (V2 requires sentence-transformers with valid GPU)
326,Content Lead,Critical Thinking,Critical,4.12,Critical Thinking; Speaking; Writing,N/A (V2 requires sentence-transformers with valid GPU)
327,Sales Executive,Reading Comprehension,Critical,4.12,Reading Comprehension; Monitoring; Active Learning,N/A (V2 requires sentence-transformers with valid GPU)
328,Accountant,Reading Comprehension,Critical,4.12,Reading Comprehension; Writing; Monitoring,N/A (V2 requires sentence-transformers with valid GPU)
329,Hr Manager,Active Listening,Critical,4.38,Active Listening; Writing; Critical Thinking,N/A (V2 requires sentence-transformers with valid GPU)
330,Developer,Critical Thinking,Critical,3.88,Critical Thinking; Active Listening; Speaking,N/A (V2 requires sentence-transformers with valid GPU)
331,Account Manager,Active Listening,Critical,4.12,Active Listening; Reading Comprehension; Speaking,N/A (V2 requires sentence-transformers with valid GPU)
332,Sales Executive,Active Listening,Critical,4.12,Active Listening; Reading Comprehension; Monitoring,N/A (V2 requires sentence-transformers with valid GPU)
333,Hr Manager,Active Listening,Critical,4.38,Active Listening; Reading Comprehension; Speaking,N/A (V2 requires sentence-transformers with valid GPU)
334,Account Manager,Active Listening,Critical,4.12,Active Listening; Reading Comprehension; Monitoring,N/A (V2 requires sentence-transformers with valid GPU)
335,Support Engineer,Reading Comprehension,Critical,4.12,Reading Comprehension; Writing; Monitoring,N/A (V2 requires sentence-transformers with valid GPU)
336,Hr Executive,Active Listening,Critical,4.12,Active Listening; Critical Thinking; Reading Comprehension,N/A (V2 requires sentence-transformers with valid GPU)
337,Seo Analyst,Active Listening,Critical,4.0,Active Listening; Critical Thinking; Reading Comprehension,N/A (V2 requires sentence-transformers with valid GPU)
338,Seo Analyst,Critical Thinking,Critical,4.0,Critical Thinking; Writing; Monitoring,N/A (V2 requires sentence-transformers with valid GPU)
339,Content Lead,Critical Thinking,Critical,4.12,Critical Thinking; Reading Comprehension; Speaking,N/A (V2 requires sentence-transformers with valid GPU)
340,Content Lead,Active Listening,Critical,4.12,Active Listening; Critical Thinking; Monitoring,N/A (V2 requires sentence-transformers with valid GPU)
341,Auditor,Reading Comprehension,Critical,3.88,Reading Comprehension; Critical Thinking; Speaking,N/A (V2 requires sentence-transformers with valid GPU)
342,Tester,Active Listening,Critical,4.12,Active Listening; Critical Thinking; Reading Comprehension,N/A (V2 requires sentence-transformers with valid GPU)
343,Hr Executive,Critical Thinking,Critical,4.12,Critical Thinking; Reading Comprehension; Speaking,N/A (V2 requires sentence-transformers with valid GPU)
344,Auditor,Active Listening,Critical,3.5,Active Listening; Critical Thinking; Writing,N/A (V2 requires sentence-transformers with valid GPU)
345,Accountant,Active Listening,Critical,4.12,Active Listening; Reading Comprehension; Speaking,N/A (V2 requires sentence-transformers with valid GPU)
346,Hr Manager,Active Listening,Critical,4.38,Active Listening; Critical Thinking; Monitoring,N/A (V2 requires sentence-transformers with valid GPU)
347,Hr Executive,Critical Thinking,Critical,4.12,Critical Thinking; Speaking; Monitoring,N/A (V2 requires sentence-transformers with valid GPU)
348,Developer,Critical Thinking,Critical,3.88,Critical Thinking; Reading Comprehension; Monitoring,N/A (V2 requires sentence-transformers with valid GPU)
349,Sales Executive,Active Listening,Critical,4.12,Active Listening; Monitoring; Active Learning,N/A (V2 requires sentence-transformers with valid GPU)
350,Content Lead,Reading Comprehension,Critical,4.12,Reading Comprehension; Speaking; Monitoring,N/A (V2 requires sentence-transformers with valid GPU)
351,Hr Manager,Reading Comprehension,Critical,4.25,Reading Comprehension; Critical Thinking; Monitoring,N/A (V2 requires sentence-transformers with valid GPU)
352,Helpdesk,Critical Thinking,Critical,4.12,Critical Thinking; Writing; Monitoring,N/A (V2 requires sentence-transformers with valid GPU)
353,Tester,Reading Comprehension,Critical,4.12,Reading Comprehension; Speaking; Writing,N/A (V2 requires sentence-transformers with valid GPU)
354,Helpdesk,Active Listening,Critical,4.12,Active Listening; Critical Thinking; Reading Comprehension,N/A (V2 requires sentence-transformers with valid GPU)
355,Account Manager,Active Listening,Critical,4.12,Active Listening; Reading Comprehension; Speaking,N/A (V2 requires sentence-transformers with valid GPU)
356,Tester,Speaking,Critical,4.0,Speaking; Writing; Monitoring,N/A (V2 requires sentence-transformers with valid GPU)
357,Hr Executive,Active Listening,Critical,4.12,Active Listening; Critical Thinking; Reading Comprehension,N/A (V2 requires sentence-transformers with valid GPU)
358,Engineer,Active Listening,Critical,4.12,Active Listening; Reading Comprehension; Speaking,N/A (V2 requires sentence-transformers with valid GPU)
359,Hr Executive,Reading Comprehension,Critical,4.12,Reading Comprehension; Writing; Monitoring,N/A (V2 requires sentence-transformers with valid GPU)
360,Hr Manager,Speaking,Critical,4.25,Speaking; Writing; Critical Thinking,N/A (V2 requires sentence-transformers with valid GPU)
361,Seo Analyst,Active Listening,Critical,4.0,Active Listening; Writing; Reading Comprehension,N/A (V2 requires sentence-transformers with valid GPU)
362,Helpdesk,Active Listening,Critical,4.12,Active Listening; Critical Thinking; Monitoring,N/A (V2 requires sentence-transformers with valid GPU)
363,Helpdesk,Critical Thinking,Critical,4.12,Critical Thinking; Reading Comprehension; Active Learning,N/A (V2 requires sentence-transformers with valid GPU)
364,Tester,Critical Thinking,Critical,4.12,Critical Thinking; Reading Comprehension; Active Learning,N/A (V2 requires sentence-transformers with valid GPU)
365,Sales Executive,Critical Thinking,Critical,4.12,Critical Thinking; Writing; Monitoring,N/A (V2 requires sentence-transformers with valid GPU)
366,Helpdesk,Active Listening,Critical,4.12,Active Listening; Reading Comprehension; Speaking,N/A (V2 requires sentence-transformers with valid GPU)
367,Accountant,Critical Thinking,Critical,4.12,Critical Thinking; Reading Comprehension; Writing,N/A (V2 requires sentence-transformers with valid GPU)
368,Developer,Critical Thinking,Critical,3.88,Critical Thinking; Reading Comprehension; Active Learning,N/A (V2 requires sentence-transformers with valid GPU)
369,Account Manager,Critical Thinking,Critical,4.12,Critical Thinking; Writing; Learning Strategies,N/A (V2 requires sentence-transformers with valid GPU)
370,Hr Executive,Active Listening,Critical,4.12,Active Listening; Critical Thinking; Monitoring,N/A (V2 requires sentence-transformers with valid GPU)
371,Accountant,Active Listening,Critical,4.12,Active Listening; Reading Comprehension; Speaking,N/A (V2 requires sentence-transformers with valid GPU)
372,Developer,Critical Thinking,Critical,3.88,Critical Thinking; Reading Comprehension; Active Listening,N/A (V2 requires sentence-transformers with valid GPU)
373,Auditor,Reading Comprehension,Critical,3.88,Reading Comprehension; Critical Thinking; Active Listening,N/A (V2 requires sentence-transformers with valid GPU)
374,Accountant,Active Listening,Critical,4.12,Active Listening; Critical Thinking; Reading Comprehension,N/A (V2 requires sentence-transformers with valid GPU)
375,Seo Analyst,Active Listening,Critical,4.0,Active Listening; Writing; Reading Comprehension,N/A (V2 requires sentence-transformers with valid GPU)
376,Engineer,Writing,Critical,4.0,Writing; Speaking; Monitoring,N/A (V2 requires sentence-transformers with valid GPU)
377,Sales Executive,Active Listening,Critical,4.12,Active Listening; Critical Thinking; Reading Comprehension,N/A (V2 requires sentence-transformers with valid GPU)
378,Sales Executive,Reading Comprehension,Critical,4.12,Reading Comprehension; Speaking; Writing,N/A (V2 requires sentence-transformers with valid GPU)
379,Support Engineer,Active Listening,Critical,4.12,Active Listening; Critical Thinking; Reading Comprehension,N/A (V2 requires sentence-transformers with valid GPU)
380,Seo Analyst,Reading Comprehension,Critical,4.0,Reading Comprehension; Speaking; Monitoring,N/A (V2 requires sentence-transformers with valid GPU)
381,Tester,Active Listening,Critical,4.12,Active Listening; Critical Thinking; Reading Comprehension,N/A (V2 requires sentence-transformers with valid GPU)
382,Support Engineer,Active Listening,Critical,4.12,Active Listening; Critical Thinking; Reading Comprehension,N/A (V2 requires sentence-transformers with valid GPU)
383,Engineer,Active Listening,Critical,4.12,Active Listening; Reading Comprehension; Writing,N/A (V2 requires sentence-transformers with valid GPU)
384,Sales Executive,Active Listening,Critical,4.12,Active Listening; Reading Comprehension; Writing,N/A (V2 requires sentence-transformers with valid GPU)
385,Hr Manager,Speaking,Critical,4.25,Speaking; Writing; Learning Strategies,N/A (V2 requires sentence-transformers with valid GPU)
386,Sales Executive,Reading Comprehension,Critical,4.12,Reading Comprehension; Writing; Monitoring,N/A (V2 requires sentence-transformers with valid GPU)
387,Account Manager,Active Listening,Critical,4.12,Active Listening; Critical Thinking; Reading Comprehension,N/A (V2 requires sentence-transformers with valid GPU)
388,Content Lead,Critical Thinking,Critical,4.12,Critical Thinking; Reading Comprehension; Monitoring,N/A (V2 requires sentence-transformers with valid GPU)
389,Support Engineer,Reading Comprehension,Critical,4.12,Reading Comprehension; Writing; Speaking,N/A (V2 requires sentence-transformers with valid GPU)
390,Account Manager,Critical Thinking,Critical,4.12,Critical Thinking; Reading Comprehension; Writing,N/A (V2 requires sentence-transformers with valid GPU)
391,Content Lead,Active Listening,Critical,4.12,Active Listening; Critical Thinking; Reading Comprehension,N/A (V2 requires sentence-transformers with valid GPU)
392,Tester,Critical Thinking,Critical,4.12,Critical Thinking; Reading Comprehension; Monitoring,N/A (V2 requires sentence-transformers with valid GPU)
393,Helpdesk,Active Listening,Critical,4.12,Active Listening; Reading Comprehension; Writing,N/A (V2 requires sentence-transformers with valid GPU)
394,Accountant,Critical Thinking,Critical,4.12,Critical Thinking; Reading Comprehension; Speaking,N/A (V2 requires sentence-transformers with valid GPU)
395,Account Manager,Active Listening,Critical,4.12,Active Listening; Critical Thinking; Reading Comprehension,N/A (V2 requires sentence-transformers with valid GPU)
396,Seo Analyst,Active Listening,Critical,4.0,Active Listening; Critical Thinking; Writing,N/A (V2 requires sentence-transformers with valid GPU)
397,Engineer,Reading Comprehension,Critical,4.12,Reading Comprehension; Speaking; Writing,N/A (V2 requires sentence-transformers with valid GPU)
398,Sales Executive,Reading Comprehension,Critical,4.12,Reading Comprehension; Writing; Monitoring,N/A (V2 requires sentence-transformers with valid GPU)
399,Sales Executive,Active Listening,Critical,4.12,Active Listening; Critical Thinking; Reading Comprehension,N/A (V2 requires sentence-transformers with valid GPU)
400,Accountant,Critical Thinking,Critical,4.12,Critical Thinking; Speaking; Writing,N/A (V2 requires sentence-transformers with valid GPU)
401,Developer,Active Listening,Critical,3.38,Active Listening; Speaking; Monitoring,N/A (V2 requires sentence-transformers with valid GPU)
402,Seo Analyst,Active Listening,Critical,4.0,Active Listening; Writing; Monitoring,N/A (V2 requires sentence-transformers with valid GPU)
403,Account Manager,Active Listening,Critical,4.12,Active Listening; Critical Thinking; Reading Comprehension,N/A (V2 requires sentence-transformers with valid GPU)
404,Developer,Reading Comprehension,Critical,3.5,Reading Comprehension; Active Listening; Writing,N/A (V2 requires sentence-transformers with valid GPU)
405,Tester,Critical Thinking,Critical,4.12,Critical Thinking; Reading Comprehension; Writing,N/A (V2 requires sentence-transformers with valid GPU)
406,Sales Executive,Active Listening,Critical,4.12,Active Listening; Speaking; Monitoring,N/A (V2 requires sentence-transformers with valid GPU)
407,Tester,Active Listening,Critical,4.12,Active Listening; Writing; Speaking,N/A (V2 requires sentence-transformers with valid GPU)
408,Support Engineer,Writing,Critical,4.0,Writing; Monitoring; Learning Strategies,N/A (V2 requires sentence-transformers with valid GPU)
409,Hr Manager,Writing,Critical,4.12,Writing; Critical Thinking; Monitoring,N/A (V2 requires sentence-transformers with valid GPU)
410,Content Lead,Active Listening,Critical,4.12,Active Listening; Critical Thinking; Writing,N/A (V2 requires sentence-transformers with valid GPU)
411,Seo Analyst,Active Listening,Critical,4.0,Active Listening; Critical Thinking; Reading Comprehension,N/A (V2 requires sentence-transformers with valid GPU)
412,Support Engineer,Active Listening,Critical,4.12,Active Listening; Critical Thinking; Reading Comprehension,N/A (V2 requires sentence-transformers with valid GPU)
413,Auditor,Critical Thinking,Critical,3.5,Critical Thinking; Writing; Speaking,N/A (V2 requires sentence-transformers with valid GPU)
414,Auditor,Active Listening,Critical,3.5,Active Listening; Critical Thinking; Writing,N/A (V2 requires sentence-transformers with valid GPU)
415,Engineer,Active Listening,Critical,4.12,Active Listening; Critical Thinking; Monitoring,N/A (V2 requires sentence-transformers with valid GPU)
416,Auditor,Active Listening,Critical,3.5,Active Listening; Critical Thinking; Writing,N/A (V2 requires sentence-transformers with valid GPU)
417,Auditor,Reading Comprehension,Critical,3.88,Reading Comprehension; Writing; Active Listening,N/A (V2 requires sentence-transformers with valid GPU)
418,Account Manager,Active Listening,Critical,4.12,Active Listening; Critical Thinking; Writing,N/A (V2 requires sentence-transformers with valid GPU)
419,Content Lead,Active Listening,Critical,4.12,Active Listening; Critical Thinking; Monitoring,N/A (V2 requires sentence-transformers with valid GPU)
420,Account Manager,Active Listening,Critical,4.12,Active Listening; Speaking; Writing,N/A (V2 requires sentence-transformers with valid GPU)
421,Auditor,Critical Thinking,Critical,3.5,Critical Thinking; Speaking; Monitoring,N/A (V2 requires sentence-transformers with valid GPU)
422,Content Lead,Active Listening,Critical,4.12,Active Listening; Critical Thinking; Writing,N/A (V2 requires sentence-transformers with valid GPU)
423,Account Manager,Active Listening,Critical,4.12,Active Listening; Reading Comprehension; Monitoring,N/A (V2 requires sentence-transformers with valid GPU)
424,Content Lead,Active Listening,Critical,4.12,Active Listening; Reading Comprehension; Writing,N/A (V2 requires sentence-transformers with valid GPU)
425,Seo Analyst,Active Listening,Critical,4.0,Active Listening; Critical Thinking; Writing,N/A (V2 requires sentence-transformers with valid GPU)
426,Account Manager,Active Listening,Critical,4.12,Active Listening; Critical Thinking; Reading Comprehension,N/A (V2 requires sentence-transformers with valid GPU)
427,Accountant,Critical Thinking,Critical,4.12,Critical Thinking; Reading Comprehension; Speaking,N/A (V2 requires sentence-transformers with valid GPU)
428,Account Manager,Critical Thinking,Critical,4.12,Critical Thinking; Reading Comprehension; Writing,N/A (V2 requires sentence-transformers with valid GPU)
429,Auditor,Reading Comprehension,Critical,3.88,Reading Comprehension; Active Listening; Writing,N/A (V2 requires sentence-transformers with valid GPU)
430,Sales Executive,Active Listening,Critical,4.12,Active Listening; Critical Thinking; Reading Comprehension,N/A (V2 requires sentence-transformers with valid GPU)
431,Developer,Critical Thinking,Critical,3.88,Critical Thinking; Reading Comprehension; Active Listening,N/A (V2 requires sentence-transformers with valid GPU)
432,Support Engineer,Reading Comprehension,Critical,4.12,Reading Comprehension; Speaking; Writing,N/A (V2 requires sentence-transformers with valid GPU)
433,Sales Executive,Critical Thinking,Critical,4.12,Critical Thinking; Reading Comprehension; Speaking,N/A (V2 requires sentence-transformers with valid GPU)
434,Support Engineer,Active Listening,Critical,4.12,Active Listening; Writing; Monitoring,N/A (V2 requires sentence-transformers with valid GPU)
435,Support Engineer,Reading Comprehension,Critical,4.12,Reading Comprehension; Writing; Monitoring,N/A (V2 requires sentence-transformers with valid GPU)
436,Seo Analyst,Active Listening,Critical,4.0,Active Listening; Reading Comprehension; Speaking,N/A (V2 requires sentence-transformers with valid GPU)
437,Hr Executive,Active Listening,Critical,4.12,Active Listening; Critical Thinking; Reading Comprehension,N/A (V2 requires sentence-transformers with valid GPU)
438,Seo Analyst,Active Listening,Critical,4.0,Active Listening; Critical Thinking; Reading Comprehension,N/A (V2 requires sentence-transformers with valid GPU)
439,Seo Analyst,Speaking,Critical,3.88,Speaking; Monitoring; Active Learning,N/A (V2 requires sentence-transformers with valid GPU)
440,Sales Executive,Active Listening,Critical,4.12,Active Listening; Critical Thinking; Writing,N/A (V2 requires sentence-transformers with valid GPU)
441,Sales Executive,Reading Comprehension,Critical,4.12,Reading Comprehension; Speaking; Writing,N/A (V2 requires sentence-transformers with valid GPU)
442,Helpdesk,Reading Comprehension,Critical,4.12,Reading Comprehension; Speaking; Monitoring,N/A (V2 requires sentence-transformers with valid GPU)
443,Hr Manager,Active Listening,Critical,4.38,Active Listening; Speaking; Critical Thinking,N/A (V2 requires sentence-transformers with valid GPU)
444,Tester,Critical Thinking,Critical,4.12,Critical Thinking; Speaking; Writing,N/A (V2 requires sentence-transformers with valid GPU)
445,Account Manager,Active Listening,Critical,4.12,Active Listening; Reading Comprehension; Writing,N/A (V2 requires sentence-transformers with valid GPU)
446,Helpdesk,Active Listening,Critical,4.12,Active Listening; Critical Thinking; Reading Comprehension,N/A (V2 requires sentence-transformers with valid GPU)
447,Sales Executive,Active Listening,Critical,4.12,Active Listening; Reading Comprehension; Writing,N/A (V2 requires sentence-transformers with valid GPU)
448,Tester,Active Listening,Critical,4.12,Active Listening; Critical Thinking; Writing,N/A (V2 requires sentence-transformers with valid GPU)
449,Accountant,Active Listening,Critical,4.12,Active Listening; Reading Comprehension; Speaking,N/A (V2 requires sentence-transformers with valid GPU)
450,Developer,Reading Comprehension,Critical,3.5,Reading Comprehension; Active Listening; Writing,N/A (V2 requires sentence-transformers with valid GPU)
451,Helpdesk,Critical Thinking,Critical,4.12,Critical Thinking; Reading Comprehension; Speaking,N/A (V2 requires sentence-transformers with valid GPU)
452,Support Engineer,Active Listening,Critical,4.12,Active Listening; Critical Thinking; Writing,N/A (V2 requires sentence-transformers with valid GPU)
453,Engineer,Reading Comprehension,Critical,4.12,Reading Comprehension; Writing; Monitoring,N/A (V2 requires sentence-transformers with valid GPU)
454,Engineer,Active Listening,Critical,4.12,Active Listening; Critical Thinking; Writing,N/A (V2 requires sentence-transformers with valid GPU)
455,Developer,Reading Comprehension,Critical,3.5,Reading Comprehension; Active Listening; Writing,N/A (V2 requires sentence-transformers with valid GPU)
456,Content Lead,Reading Comprehension,Critical,4.12,Reading Comprehension; Monitoring; Active Learning,N/A (V2 requires sentence-transformers with valid GPU)
457,Helpdesk,Active Listening,Critical,4.12,Active Listening; Critical Thinking; Monitoring,N/A (V2 requires sentence-transformers with valid GPU)
458,Hr Executive,Critical Thinking,Critical,4.12,Critical Thinking; Reading Comprehension; Writing,N/A (V2 requires sentence-transformers with valid GPU)
459,Account Manager,Active Listening,Critical,4.12,Active Listening; Reading Comprehension; Speaking,N/A (V2 requires sentence-transformers with valid GPU)
460,Seo Analyst,Reading Comprehension,Critical,4.0,Reading Comprehension; Writing; Speaking,N/A (V2 requires sentence-transformers with valid GPU)
461,Accountant,Active Listening,Critical,4.12,Active Listening; Writing; Monitoring,N/A (V2 requires sentence-transformers with valid GPU)
462,Support Engineer,Active Listening,Critical,4.12,Active Listening; Reading Comprehension; Writing,N/A (V2 requires sentence-transformers with valid GPU)
463,Accountant,Critical Thinking,Critical,4.12,Critical Thinking; Reading Comprehension; Writing,N/A (V2 requires sentence-transformers with valid GPU)
464,Account Manager,Active Listening,Critical,4.12,Active Listening; Critical Thinking; Reading Comprehension,N/A (V2 requires sentence-transformers with valid GPU)
465,Helpdesk,Active Listening,Critical,4.12,Active Listening; Critical Thinking; Reading Comprehension,N/A (V2 requires sentence-transformers with valid GPU)
466,Developer,Active Listening,Critical,3.38,Active Listening; Speaking; Monitoring,N/A (V2 requires sentence-transformers with valid GPU)
467,Auditor,Reading Comprehension,Critical,3.88,Reading Comprehension; Writing; Active Listening,N/A (V2 requires sentence-transformers with valid GPU)
468,Hr Executive,Reading Comprehension,Critical,4.12,Reading Comprehension; Writing; Speaking,N/A (V2 requires sentence-transformers with valid GPU)
469,Auditor,Active Listening,Critical,3.5,Active Listening; Speaking; Monitoring,N/A (V2 requires sentence-transformers with valid GPU)
470,Hr Executive,Active Listening,Critical,4.12,Active Listening; Critical Thinking; Reading Comprehension,N/A (V2 requires sentence-transformers with valid GPU)
471,Hr Manager,Speaking,Critical,4.25,Speaking; Writing; Monitoring,N/A (V2 requires sentence-transformers with valid GPU)
472,Accountant,Critical Thinking,Critical,4.12,Critical Thinking; Reading Comprehension; Speaking,N/A (V2 requires sentence-transformers with valid GPU)
473,Engineer,Critical Thinking,Critical,4.12,Critical Thinking; Reading Comprehension; Speaking,N/A (V2 requires sentence-transformers with valid GPU)
474,Auditor,Reading Comprehension,Critical,3.88,Reading Comprehension; Writing; Active Listening,N/A (V2 requires sentence-transformers with valid GPU)
475,Account Manager,Reading Comprehension,Critical,4.12,Reading Comprehension; Writing; Speaking,N/A (V2 requires sentence-transformers with valid GPU)
476,Hr Manager,Active Listening,Critical,4.38,Active Listening; Critical Thinking; Monitoring,N/A (V2 requires sentence-transformers with valid GPU)
477,Sales Executive,Active Listening,Critical,4.12,Active Listening; Critical Thinking; Writing,N/A (V2 requires sentence-transformers with valid GPU)
478,Content Lead,Active Listening,Critical,4.12,Active Listening; Critical Thinking; Reading Comprehension,N/A (V2 requires sentence-transformers with valid GPU)
479,Tester,Active Listening,Critical,4.12,Active Listening; Monitoring; Active Learning,N/A (V2 requires sentence-transformers with valid GPU)
480,Helpdesk,Critical Thinking,Critical,4.12,Critical Thinking; Writing; Monitoring,N/A (V2 requires sentence-transformers with valid GPU)
481,Developer,Reading Comprehension,Critical,3.5,Reading Comprehension; Writing; Speaking,N/A (V2 requires sentence-transformers with valid GPU)
482,Support Engineer,Active Listening,Critical,4.12,Active Listening; Writing; Speaking,N/A (V2 requires sentence-transformers with valid GPU)
483,Tester,Active Listening,Critical,4.12,Active Listening; Critical Thinking; Speaking,N/A (V2 requires sentence-transformers with valid GPU)
484,Sales Executive,Critical Thinking,Critical,4.12,Critical Thinking; Reading Comprehension; Writing,N/A (V2 requires sentence-transformers with valid GPU)
485,Sales Executive,Critical Thinking,Critical,4.12,Critical Thinking; Reading Comprehension; Speaking,N/A (V2 requires sentence-transformers with valid GPU)
486,Sales Executive,Critical Thinking,Critical,4.12,Critical Thinking; Speaking; Writing,N/A (V2 requires sentence-transformers with valid GPU)
487,Developer,Reading Comprehension,Critical,3.5,Reading Comprehension; Active Listening; Active Learning,N/A (V2 requires sentence-transformers with valid GPU)
488,Auditor,Reading Comprehension,Critical,3.88,Reading Comprehension; Writing; Active Listening,N/A (V2 requires sentence-transformers with valid GPU)
489,Accountant,Active Listening,Critical,4.12,Active Listening; Reading Comprehension; Writing,N/A (V2 requires sentence-transformers with valid GPU)
490,Hr Manager,Critical Thinking,Critical,4.0,Critical Thinking; Monitoring; Active Learning,N/A (V2 requires sentence-transformers with valid GPU)
491,Account Manager,Reading Comprehension,Critical,4.12,Reading Comprehension; Speaking; Writing,N/A (V2 requires sentence-transformers with valid GPU)
492,Seo Analyst,Active Listening,Critical,4.0,Active Listening; Writing; Speaking,N/A (V2 requires sentence-transformers with valid GPU)
493,Tester,Active Listening,Critical,4.12,Active Listening; Monitoring; Active Learning,N/A (V2 requires sentence-transformers with valid GPU)
494,Hr Manager,Active Listening,Critical,4.38,Active Listening; Reading Comprehension; Writing,N/A (V2 requires sentence-transformers with valid GPU)
495,Developer,Critical Thinking,Critical,3.88,Critical Thinking; Writing; Monitoring,N/A (V2 requires sentence-transformers with valid GPU)
496,Developer,Reading Comprehension,Critical,3.5,Reading Comprehension; Writing; Monitoring,N/A (V2 requires sentence-transformers with valid GPU)
497,Auditor,Reading Comprehension,Critical,3.88,Reading Comprehension; Critical Thinking; Active Listening,N/A (V2 requires sentence-transformers with valid GPU)
498,Accountant,Active Listening,Critical,4.12,Active Listening; Critical Thinking; Reading Comprehension,N/A (V2 requires sentence-transformers with valid GPU)
499,Account Manager,Critical Thinking,Critical,4.12,Critical Thinking; Speaking; Monitoring,N/A (V2 requires sentence-transformers with valid GPU)
500,Content Lead,Writing,Critical,4.0,Writing; Monitoring; Active Learning,N/A (V2 requires sentence-transformers with valid GPU)
